date,category,exercise,exercise_id,measure,record,feel,notes
2020-05-24,Arms,Dumbbell curls,,20lbs,8x3,,"fatiguing easily due to long run yesterday, also haven't weight trained properly in several months"
2020-05-24,Back,Lat pulldown,,70lbs,8x4,,"fatiguing easily due to long run yesterday, also haven't weight trained properly in several months"
2020-05-24,Chest,Bench press,bench-press,65lbs,8x4,,"fatiguing easily due to long run yesterday, also haven't weight trained properly in several months"
2020-05-24,Shoulders,Rear delt raise,,7.5lbs,8x4,,"fatiguing easily due to long run yesterday, also haven't weight trained properly in several months"
2020-05-24,Arms,Wrist flexion,,17.5lbs,15x5,,
2020-05-24,Back,Bent over row,bent-over-row,25lbs,8x4,,
2020-05-24,Chest,Pec deck,,55lbs,8x3,,
2020-05-24,Arms,Tricep extension,,30lbs,8x4,,
2020-05-26,Arms,Dumbbell curls,,20lbs,8x4,,surprised by recovery in 2 days
2020-05-26,Chest,Bench press,bench-press,75lbs,6x4,,surprised by recovery in 2 days
2020-05-26,Legs,Standing calf,,110lbs,12x4,,surprised by recovery in 2 days
2020-05-26,Shoulders,Rear delt fly,,55lbs,6x4,,surprised by recovery in 2 days
2020-05-26,Abs,Torso rotation,,100lbs,6x4,,surprised by recovery in 2 days
2020-05-26,Arms,Tricep extension,,35lbs,6x4,,
2020-05-26,Shoulders,Lateral raise machine,,50lbs,6x4,,
2020-05-26,Arms,Farmers carry,,40lbs,30x4,,
2020-05-27,Legs,Deadlift,deadlift,115lbs,5x5,,
2020-05-27,Shoulders,Arnold Press,,20lbs,6x4,,
2020-05-27,Legs,Squat,,65lbs,5x5,,
2020-05-29,Arms,Seated dumbbell curl,,25lbs,6x4,,
2020-05-29,Back,Lat pulldown,,85lbs,6x4,,
2020-05-29,Chest,Bench press,bench-press,80lbs,5x5,,
2020-05-29,Shoulders,Arnold press,,25lbs,5x5,,
2020-05-29,Arms,Tricep extension,,35lbs,6x4,,
2020-05-29,Back,Bent over row,bent-over-row,35lbs,6x5,,
2020-05-29,Chest,Pec deck,,70lbs,6x4,,
2020-05-29,Arms,Wrist flexion,,20lbs,15x5,,
2020-05-31,Arms,Hammer curl,,25lbs,6x4,,
2020-05-31,Legs,Leg extension,,55lbs,6x4,,
2020-05-31,Shoulders,Overhead press,overhead-press,45lbs,6x4,,
2020-05-31,Abs,Torso rotation,,100lbs,10x5,,
2020-05-31,Shoulders,Lateral raise,,10lbs,10x5,,
2020-05-31,Abs,Incline situps,,,15x4,,
2020-05-31,Shoulders,Rear delt fly,,60lbs,6x4,,
2020-06-02,Arms,Concentration curls,,20lbs,6x4,,
2020-06-02,Back,Bent over row,bent-over-row,40lbs,6x4,,
2020-06-02,Chest,Bench press,bench-press,85lbs,5x5,,
2020-06-02,Shoulders,Lateral raise,,12.5lbs,10x4,,
2020-06-02,Arms,Tricep extension,,35lbs,6x4,,
2020-06-02,Shoulders,Overhead press,overhead-press,45lbs,8x3,,
2020-06-02,Arms,Wrist flexion,,20lbs,15x5,,
2020-06-02,Arms,Wrist extension,,7.5lbs,10x5,,
2020-06-03,Legs,Deadlift,deadlift,125lbs,5x5,,
2020-06-03,Legs,Squat,,70lbs,5x5,,
2020-06-03,Legs,Standing calf,,120lbs,12x5,,
2020-06-03,Legs,Hip adduction,,110lbs,15x5,,
2020-06-03,Legs,Hip abduction,,100lbs,10x5,,
2020-06-05,Arms,Dumbbell curl,,25lbs,6x4,,
2020-06-05,Back,Lat pulldown,,85lbs,5x5,,
2020-06-05,Chest,Bench press,bench-press,85lbs,5x5,,
2020-06-05,Arms,Wrist flexion,,20lbs,15x5,,
2020-06-07,Arms,Concentration curls,,20lbs,6x6,,
2020-06-07,Back,Assisted pullups,,-40lbs,6x6,,
2020-06-07,Chest,Pec deck,,75lbs,8x4,,
2020-06-07,Shoulders,Lateral raise,,12.5lbs,10x4,,
2020-06-07,Abs,Leg raise,,,10x4,,
2020-06-07,Shoulders,Overhead press,overhead-press,45lbs,6x6,,
2020-06-09,Arms,Concentration curls,,25lbs,6x4,,
2020-06-09,Back,Lat pulldown,,85lbs,6x4,,
2020-06-09,Chest,Bench press,bench-press,85lbs,5x5,,
2020-06-09,Shoulders,Arnold press,,25lbs,6x3,,
2020-06-09,Chest,Pec deck,,75lbs,6x4,,
2020-06-10,Legs,Seated leg press,,110lbs,10x5,,
2020-06-10,Abs,Leg raise,,,12x5,,
2020-06-10,Legs,Leg extension,,45lbs,10x5,,
2020-06-12,Arms,Concentration curls,,20lbs,10x4,,
2020-06-12,Back,Lat pulldown,,85lbs,6x4,,
2020-06-12,Chest,Low pec deck,,60lbs,8x4,,
2020-06-12,Shoulders,Lateral raise,,12.5lbs,10x5,,
2020-06-12,Arms,Wrist flexion,,15lbs,20x5,,
2020-06-12,Shoulders,Overhead press,overhead-press,45lbs,8x3,,
2020-06-14,Arms,Concentration curls,,20lbs,10x4,,
2020-06-14,Back,Lat pulldown,,85lbs,6x4,,
2020-06-14,Chest,Pec deck,,60lbs,10x4,,
2020-06-14,Shoulders,Arnold press,,20lbs,8x5,,
2020-06-14,Arms,Wrist extension,,7.5lbs,15x4,,
2020-06-14,Shoulders,Rear delt row,,20lbs,10x5,,
2020-06-16,Arms,Dumbbell curl,,20lbs,10x4,,
2020-06-16,Back,Lat pulldown,,100lbs,3x5,,
2020-06-16,Legs,Bulgarian split squat,,,10x4,,
2020-06-16,Shoulders,Rear delt row,,25lbs,10x4,,
2020-06-16,Arms,Wrist extension,,7.5lbs,15x5,,50s rest for wrists
2020-06-16,Shoulders,Overhead press,overhead-press,45lbs,8x4,,50s rest for wrists
2020-06-16,Arms,Wrist flexion,,20lbs,15x3,,
2020-06-17,Chest,Chest dips,,,5x5,,
2020-06-17,Legs,Leg extension,,45lbs,10x7,,
2020-06-17,Shoulders,Rear delt fly,,40lbs,10x5,,
2020-06-17,Legs,Leg curl,,60lbs,10x5,,
2020-06-17,Legs,Hip abduction,,100lbs,10x5,,
2020-06-17,Legs,Standing calf,,120lbs,15x5,,
2020-06-19,Arms,Hammer curl,,20lbs,10x4,,1:45s rest
2020-06-19,Shoulders,Arnold press,,20lbs,10x4,,1:45s rest
2020-06-19,Shoulders,Lateral raise,,12.5lbs,10x5,,
2020-06-19,Shoulders,Rear delt row,,25lbs,10x4,,
2020-06-23,Arms,Concentration curls,,20lbs,10x4,,
2020-06-23,Shoulders,Lateral raise,,12.5lbs,10x5,,
2020-06-23,Arms,Wrist flexion,,20lbs,15x4,,
2020-06-23,Shoulders,Rear delt row,,25lbs,10x4,,
2020-06-23,Arms,Wrist extension,,7.5lbs,15x5,,
2020-06-24,Chest,Low pec fly,,60lbs,10x4,,
2020-06-24,Legs,Squat,,65lbs,8x4,,
2020-06-24,Legs,Leg extension,,50lbs,10x5,,
2020-06-24,Legs,Hip adduction,,115lbs,15x5,,
2020-06-24,Legs,Leg curl,,80lbs,10x6,,
2020-06-24,Legs,Standing calf,,120lbs,15x5,,
2020-06-25,Arms,Hammer curl,,20lbs,10x4,,
2020-06-25,Back,Lat pulldown,,100lbs,3x5,,
2020-06-25,Chest,Dips,dips,,5x5,,
2020-06-25,Abs,Incline situps,,,15x4,,
2020-06-25,Arms,Wrist extension,,10lbs,12x4,,
2020-06-30,Arms,Seated dumbbell curls,,20lbs,10x4,,
2020-06-30,Back,Lat pulldown,,100lbs,3x5,,
2020-06-30,Shoulders,Arnold press,,20lbs,10x4,,
2020-06-30,Arms,Wrist extension,,10lbs,12x5,,
2020-07-01,Legs,Leg press,,60lbs,20x5,,
2020-07-01,Legs,Leg extension,,45lbs,12x5,,
2020-07-01,Legs,Leg curl,,60lbs,15x7,,
2020-07-01,Legs,,,,20x3,,
2020-07-01,Legs,Standing calf,,110lbs,15x7,,
2020-07-01,Arms,Cable hammer curls,,50lbs,12x4,,Roughly since November
2020-07-01,Back,Upright Row,upright-row,70lbs,"12,12,10",,Roughly since November
2020-07-01,Chest,Dumbbell press,,40lbs,5x2,,Roughly since November
2020-07-01,Legs,GHD,,,3x10,,Roughly since November
2020-07-01,Shoulders,Face pulls,face-pulls,70lbs,3x12,,Roughly since November
2020-07-01,Abs,Russian twists,,10lbs,3x1min,,Roughly since November
2020-07-01,More!,Sled,,270lbs,2Lx3,,Roughly since November
2020-07-01,Arms,Cable tri pushdown,,50lbs,"15,15,12,12",,
2020-07-01,Back,lat pulldowns,,85lbs,"7,7,7,8",,
2020-07-01,Legs,Calf raise,,40lbs,4x12,,
2020-07-01,Shoulders,Strict press,,55lbs,"8,8,7,7",,
2020-07-01,Abs,Straight leg situps,,10lbs,15x3,,
2020-07-01,More!,Box jumps forward & back,,18in,3x15,,
2020-07-01,Back,Deadlift,deadlift,143lbs,"9,10",,
2020-07-01,Abs,Suitcase carry,suitcase-carry,40lbs,2x1min,,
2020-07-01,More!,Box drops & jump,,18in,2x10,,
2020-07-01,More!,Rev lunge,,12.5lbs,4x10,,
2020-07-01,More!,Leg extension - R,,75lbs,10x3,,
2020-07-01,More!,Leg extension - L,,30lbs,10x4,,
2025-01-01,Arms,Cable curls,,50lbs,10x4,,2.5hrs
2025-01-01,Back,Pendlay Row,pendlay-row,75lbs,8x2,,2.5hrs
2025-01-01,Chest,Bench,,80lbs,4x7,,2.5hrs
2025-01-01,Shoulders,Delt fly,,25lbs,4x10,,2.5hrs
2025-01-01,Abs,Russian twists,,15lbs,5x1min,,2.5hrs
2025-01-01,More!,Sled,,305lbs,4Lx3,,2.5hrs
2025-01-01,Arms,Cable uni tri,,30lbs,10x4,,
2025-01-01,Back,Barbell Row,barbell-row,75lbs,8x2,,
2025-01-01,Shoulders,Cable rear delt,,,,,
2025-01-01,Abs,Leg lifts,,,5x15,,
2025-01-01,Arms,Reverse curls bar,,30lbs,"15,12,8",,
2025-01-01,Back,Upright Row,upright-row,85lbs,"10,10,9",,
2025-01-01,Shoulders,Cable lateral raise,cable-lateral-raise,10lbs,10x3,,
2025-01-01,Abs,Heel taps,,,3x1min,,
2025-01-01,Shoulders,Cable front raise,cable-front-raise,,,,
2025-01-02,Arms,cable single bicep curls,,20lbs,"10,10,8,8",,
2025-01-02,Back,bent over row,bent-over-row,40lbs,10x3,,
2025-01-02,Shoulders,Arnold press,,25lbs each,8x4,,
2025-01-02,More!,Sled,,305lbs,5,,
2025-01-02,Arms,double cable tri pushdown,,50lbs,"15,12,10,8",,
2025-01-02,Shoulders,face pulls,face-pulls,42.5lbs,10x3,,
2025-01-02,More!,Single leg squat - R,,full,10x3,,
2025-01-02,Shoulders,90 90s,,10lbs,15x2,,
2025-01-02,More!,Single leg squat - L,,90deg,10x3,,
2025-01-02,Shoulders,cable up row,,70lbs,3x10,,
2025-01-02,More!,wall ball,,4lbs,,,
2025-01-02,More!,balance board circle,,,,,
2025-01-03,Back,shrugs,,60lbs,4x15,,
2025-01-03,Legs,trap bar,,80lbs+,5x10,,
2025-01-03,More!,balance board circle,,,,,
2025-01-03,Legs,good mornings,,65lbs,2x10,,
2025-01-03,More!,side hip raises,,,2x30,,
2025-01-03,Legs,calf raises,,25lbs,5x15,,
2025-01-03,More!,weighted split squat + jump,,14lbs,"15,12,10",,
2025-01-03,Legs,leg press,,100lbs,5x15,,
2025-01-03,More!,single leg rdl - toes elevated,,30lbs,4x10,,
2025-01-03,Legs,leg extension - R,,70lbs,5x10,,
2025-01-03,Legs,leg extension - L,,30lbs,5x12,,
2025-01-04,Arms,dumbbell curls,,45lbs,"12,9,6,6",,
2025-01-04,Back,pendlay & bb rows,,77lbs,8x4,,
2025-01-04,Chest,bench,,85lbs,"7,7,6,6",,
2025-01-04,Shoulders,bb up row,,55lbs,"10,8,8",,
2025-01-04,Abs,Russian twists,,20lbs,4x1min,,
2025-01-04,Arms,cable uni tri,,30lbs,"10,10,9,9",,
2025-01-04,Back,lat pulldowns,,85lbs,6x6,,
2025-01-04,Shoulders,delt fly,,25lbs,"12,10,10",,
2025-01-04,Abs,leg lifts,,,4x20,,
2025-01-04,Arms,reverse curls cable,,40lbs,"12,15,10",,
2025-01-04,Shoulders,90 90s,,10lbs,2x15,,
2025-01-04,Arms,cable uni hammer curl,,20lbs,4x10,,
2025-01-04,Shoulders,cable lateral raise,cable-lateral-raise,10lbs,4x12,,
2025-01-04,Shoulders,cable rear delt,,10lbs,4x12,,
2025-01-04,Shoulders,cable front raise,cable-front-raise,20lbs,4x10,,
2025-01-04,Shoulders,face pulls,face-pulls,85lbs,4x12,,
2025-01-04,Shoulders,cable single press,,40lbs,3x10,,
2025-01-05,Abs,plank,,,3x90s,,
2025-01-05,More!,indoor bike,,8,1hr,,
2025-01-05,Abs,flutter kicks,,,3x30s,,
2025-01-05,More!,weighted split squat + jump,,20lbs,5x10,,
2025-01-05,More!,rev lunge,,15lbs,4x10,,
2025-01-05,More!,side hip raises,,,5x15,,
2025-01-05,More!,hip open/press - R,,15lbs,3x15,,
2025-01-05,More!,hip open/press - L,,,3x15,,
2025-01-05,More!,kb ankle raises - R,,18lbs,4x10,,
2025-01-05,More!,kb ankle raises - L,,15lbs,4x10,,
2025-01-05,More!,single leg rdl - toes elevated,,30lbs,4x15,,
2025-01-05,More!,wall ball,,4lbs,3x15,,
2025-01-06,Arms,db tricep extension,,40lbs,4x10,,
2025-01-06,Back,deadlift,deadlift,155lbs,3x5,,
2025-01-06,Shoulders,Strict press,,60lbs,"7,6,6,6",,
2025-01-06,More!,sled,,405lbs,3x2L,,
2025-01-06,Arms,db concentration curls,,25lbs,4x8,,
2025-01-06,Back,lat pulldown,,100lbs,4x5,,
2025-01-06,Shoulders,cable up row,,85lbs,3x8,,
2025-01-06,Shoulders,face pulls,face-pulls,100lbs,3x10,,
2025-01-06,Shoulders,90 90s,,20lbs,2x12,,
2025-01-06,Shoulders,cable lateral raise,cable-lateral-raise,14lbs,4x10,,
2025-01-06,Shoulders,cable front raise,cable-front-raise,30lbs,3x10,,
2025-01-06,Shoulders,cable rear delt,,14lbs,4x10,,
2025-01-07,Arms,small bar rev curls,,30lbs,3x12,,
2025-01-07,Back,bb & pendlay rows,,85lbs,"6,8,8,6",,
2025-01-07,Chest,bench,,90lbs,4x5,,
2025-01-07,Legs,pistol squats - R,,,10,,
2025-01-07,Shoulders,small bar up row,,50lbs,3x10,,
2025-01-07,More!,stationary bike,,8,22min,,
2025-01-07,Arms,cable uni tri,,30lbs,"12,10,8,8",,
2025-01-07,Back,bent over row,bent-over-row,45lbs,4x8,,
2025-01-07,Chest,dumbbell flys,,35lbs,3x10,,
2025-01-07,Shoulders,db delt fly,,20lbs,3x15,,
2025-01-07,More!,single leg squat - L,,90deg,10,,
2025-01-07,Chest,db pullover,,25lbs,4x10,,
2025-01-07,Chest,chest dips,,,3x5,,
2025-01-07,Chest,diamond pushups,,,,,
2025-01-08,Legs,squat,,105lbs,4x8,,
2025-01-08,Abs,ab roller,,,3x12,,
2025-01-08,Legs,good mornings,,75lbs,2x8,,
2025-01-08,Legs,leg press,,120lbs,4x10,,
2025-01-08,Legs,uni rdl,uni-rdl,40lbs,2x12,,
2025-01-08,Legs,calf raise,,35lbs,4x12,,
2025-01-08,Legs,split squats+jump,,25lbs,4x10,,
2025-01-09,Arms,cable underhand uni tri,,10lbs,4x12,,
2025-01-09,Back,lat pulldown,,100lbs,4x5,,
2025-01-09,Legs,nordic curls,nordic-curls,,4x10,,
2025-01-09,Shoulders,strict press,,65lbs,4x5,,
2025-01-09,Arms,cable overhand uni tri,,10lbs,4x10,,
2025-01-09,Shoulders,cable up row,,85lbs,3x10,,
2025-01-09,Arms,cable hammer uni tri,,10lbs,4x8,,
2025-01-09,Shoulders,cable row,,85lbs,4x10,,
2025-01-09,Arms,cable underhand curl,,15lbs,4x10,,
2025-01-09,Shoulders,face pulls,face-pulls,100lbs,3x10,,
2025-01-09,Arms,cable overhand curl,,10lbs,4x8,,
2025-01-09,Shoulders,90 90s,,10lbs,10,,
2025-01-09,Arms,cable hammer curl,,10lbs,4x12,,
2025-01-10,Arms,suitcase carry,suitcase-carry,45lbs,2x40s,,
2025-01-10,Back,deadlift,deadlift,155lbs,"5,5,4,2",,
2025-01-10,Legs,calf raise,,40lbs,3x15,,
2025-01-10,Abs,trx pike,,,5x10,,
2025-01-10,More!,side opposite jumps,,,10x15,,
2025-01-10,Legs,trx hip thrust,,,"10,10,12,12,15",,
2025-01-10,Abs,trx side plank,,,3x40s,,
2025-01-10,More!,forward back single leg hops,,half turf,4,,
2025-01-10,More!,hop scotch,,half turf,4x2,,
2025-01-10,More!,sprints,,turf,2x3,,
2025-01-10,More!,shuffles,,half turf,4,,
2025-01-10,More!,lateral side jumps,,bench,4,,
2025-01-11,Arms,ez bar bicep curls,,35lbs,3x8,,
2025-01-11,Back,bb & pendlay rows,,88lbs,4x7,,
2025-01-11,Chest,bench,,90lbs,4x5,,
2025-01-11,Shoulders,bb up row,,55lbs,3x8,,
2025-01-11,More!,side opposite jumps,,,3x1min,,
2025-01-11,Arms,ez bar rev curls,,30lbs,3x8,,
2025-01-11,Shoulders,db delt fly,,25lbs,3x10,,
2025-01-11,More!,hop scotch,,turf,4,,
2025-01-11,Arms,cable hammer tri,,50lbs,3x12,,
2025-01-11,Shoulders,cable lateral raise,cable-lateral-raise,14lbs,3x10,,
2025-01-11,More!,shuffles,,half turf,4,,
2025-01-11,Shoulders,cable front raise,cable-front-raise,30lbs,3x8,,
2025-01-11,More!,f/b single leg hops,,half turf,4,,
2025-01-11,Shoulders,cable rear delt,,14lbs,3x10,,
2025-01-11,More!,sprints,,turf,"2,3,4,3,2,1",,
2025-01-11,Shoulders,db lateral raise,db-lateral-raise,20lbs,4x12,,
2025-01-11,Shoulders,arnold press,,45lbs,3x8,,
2025-01-11,Shoulders,landmine rear delt row,,55lbs,3x8,,
2025-01-12,Arms,cable uni bicep underhand,,20lbs,4x10,,
2025-01-12,Back,lat pulldown,,100lbs,4x5,,
2025-01-12,Shoulders,strict press,,65lbs,4x5,,
2025-01-12,More!,giant medicine ball lunges,,18lbs,5x20,,
2025-01-12,Arms,cable uni tri extension,,30lbs,"10,10,8,9",,
2025-01-12,Back,lat row medium grip,,85lbs,4x10,,
2025-01-12,Shoulders,face pulls,face-pulls,100lbs,4x10,,
2025-01-12,Back,lat row wide grip,,70lbs,4x10,,
2025-01-12,Shoulders,90 90s,,20lbs,2x10,,
2025-01-12,Back,cable lat pushdown,,70lbs,4x10,,
2025-01-12,Back,kneeling cable lat pulldown,,40lbs,4x10,,
2025-01-13,Arms,farmers carry,,90lbs,3x1min,,
2025-01-13,Legs,squat,,105lbs,4x6,,
2025-01-13,More!,sled,,405lbs,3x2L,,
2025-01-13,Legs,leg press,,200lbs,5x10,,
2025-01-13,Legs,good morning,good-morning,65lbs,2x10,,
2025-01-13,Legs,uni rdl,uni-rdl,50lbs,3x8,,
2025-01-13,Legs,calf raise,,40lbs,3x10,,
2025-01-13,Legs,side hip raises,,,20,,
2025-01-14,Arms,db curls bench iso,,15lbs,4x 8-15,,
2025-01-14,Back,lat pulldown,,100lbs,4x6,,
2025-01-14,Shoulders,strict press,,70lbs,4x5,,
2025-01-14,More!,stationary bike,,10,,,
2025-01-14,Arms,db tri uni ext,,17.5lbs,4x10,,
2025-01-14,Shoulders,bb up row,,55lbs,3x10,,
2025-01-14,More!,side hip raise,,,2x20,,
2025-01-14,Shoulders,face pulls,face-pulls,115lbs,3x10,,
2025-01-14,More!,hip open/press - R,,17.5lbs,,,
2025-01-14,Shoulders,90 90s,,20lbs,2x10,,
2025-01-14,More!,hip open/press - L,,7.5lbs,,,
2025-01-14,Shoulders,db lateral raise,db-lateral-raise,25lbs,4x10,,
2025-01-14,Shoulders,db delt fly,,25lbs,4x10,,
2025-01-14,Shoulders,db front raise,,25lbs,4x10,,
2025-01-15,Back,bb & pendlay row,,90lbs,4x5,,
2025-01-15,Chest,bench,,95lbs,4x5,,
2025-01-15,Legs,leg press - L,,50lbs,4x10,,
2025-01-15,Shoulders,cable up row,,85lbs,3x12,,
2025-01-15,Back,kneeling cable lat pulldown,,70lbs,3x10,,
2025-01-15,Legs,leg press - R,,85lbs,4x10,,
2025-01-15,Back,lat row narrow grip,,85lbs,3x8,,
2025-01-15,Back,lat row wide grip,,70lbs,3x8,,
2025-01-16,Arms,full tricep pushups,,,2x10,,
2025-01-16,Abs,ab push cybex,,105lbs,3x10,,
2025-01-16,More!,stationary bike,,10,40 mins @177 HR,,
2025-01-16,Abs,ghd situps,,5.5 lbs,3x10,,
2025-01-16,Abs,cable crunch,,50lbs,4x12,,
2025-01-16,Abs,woodchoppers,woodchoppers,30lbs,"10,10,12,12",,
2025-01-16,Abs,leg raises,leg-raises,3lbs,3x10,,
2025-01-17,Arms,suitcase carry (straps),,45lbs,3x50s,,
2025-01-17,Back,deadlift (straps),,155lbs,4x6,,
2025-01-17,Legs,nordic curls,nordic-curls,,3x10,,
2025-01-17,Back,back extension,,25lbs,4x10,,
2025-01-17,Legs,calf raises,,45lbs,4x10,,
2025-01-17,Legs,seated leg curl uni,,40lbs,3x10,,
2025-01-17,Legs,leg extension - R,,70lbs,3x10,,
2025-01-17,Legs,leg extension - L,,30lbs,3x12,,
2025-01-17,Legs,hip adduction,,90lbs,4x10,,
2025-01-17,Legs,hip abduction,,80lbs,4x10,,
2025-01-18,Arms,perfect grip pushups,,,3x10,,
2025-01-18,More!,sled,,405lbs,3x3L,,
2025-01-18,More!,lateral box jumps,lateral-box-jumps,8in,3x10,,
2025-01-19,Back,shrugs,,60lbs,3x15,,
2025-01-19,Legs,squat,,105lbs,4x6,,
2025-01-19,Shoulders,external rotation,external-rotation,10lbs,2x15,,
2025-01-19,Abs,45deg oblique crunches,45deg-oblique-crunches,10lbs,3x10,,
2025-01-19,More!,uni rdl (toes elevated),,40lbs,3x10,,
2025-01-19,Legs,good morning,good-morning,75lbs,2x8,,
2025-01-19,More!,hop scotch,,half turf,3,,
2025-01-19,Legs,farmers carry (trap bar),,50lbs,3x60s,,
2025-01-19,More!,R2R,,w1d2,,,
2025-01-19,Legs,calf raise,,45lbs,4x10,,
2025-01-20,Arms,cable bicep curls,,20lbs,4x10,,
2025-01-20,Back,shrugs,,70lbs,3x12,,
2025-01-20,Shoulders,strict press,,70lbs,4x5,,
2025-01-20,Arms,cable uni tri extension,,24lbs,"15,13,12,10",,
2025-01-20,Shoulders,bb up row,,55lbs,3x10,,
2025-01-20,Shoulders,arnold press,,60lbs,3x6,,
2025-01-20,Shoulders,db rear delt fly,db-rear-delt-fly,25lbs,4x15,,
2025-01-20,Shoulders,db lateral raise,db-lateral-raise,25lbs,"10,10,8,8",,
2025-01-20,Shoulders,db front raise,,25lbs,4x8,,
2025-01-20,Shoulders,face pulls,face-pulls,115lbs,3x10,,
2025-01-20,Shoulders,90 90s,,20lbs,2x15,,
2025-01-20,Shoulders,ext. rotation,,10lbs,2x15,,
2025-01-21,Arms,cable uni hammer curl,,20lbs,4x10,,
2025-01-21,Chest,bench,,95lbs,4x5,,
2025-01-21,Shoulders,90 90s,,20lbs,2x10,,
2025-01-21,More!,stationary bike,,10,20mins @ 173 HR,,
2025-01-21,Arms,cable reverse curls,,40lbs,"10,12,10,12",,
2025-01-21,Chest,db bench,db-bench,80lbs,"6,7,7,7",,
2025-01-21,Shoulders,ext. rotation,,10lbs,15,,
2025-01-21,Arms,cable tri pushdown,,50lbs,4x10,,
2025-01-21,Chest,db chest flys,,40lbs,3x8,,
2025-01-21,Shoulders,cable lateral raise,cable-lateral-raise,14lbs,4x12,,
2025-01-21,Chest,db pullover,,35lbs,3x8,,
2025-01-21,Chest,cable uni chest fly,,34lbs,3x10,,
2025-01-21,Chest,diamond pushups,,,3x8,,
2025-01-22,Back,deadlift (straps),,155lbs,4x7,,
2025-01-22,Legs,nordic curls,nordic-curls,,3x10,,
2025-01-22,Legs,upright leg press - R,,100lbs,"8,8,10,10",,
2025-01-22,Legs,upright leg press - L,,80lbs,4x10,,
2025-01-23,Back,lat pulldown,,100lbs,"6,7,7,7",,
2025-01-23,Abs,cable crunches,cable-crunches,50lbs,3x10,,
2025-01-23,More!,R2R,,,w1d3,,
2025-01-23,Back,bb & pendlay row,,90lbs,4x8,,
2025-01-23,Abs,cable woodchopper,,15lbs,3x10,,
2025-01-23,More!,hop scotch,,half turf,5,,
2025-01-23,Back,lat row medium grip,,85lbs,3x10,,
2025-01-23,Abs,45deg oblique crunches,45deg-oblique-crunches,10lbs,3x12,,
2025-01-23,More!,shuffles,,half turf,3,,
2025-01-23,Back,lat row wide grip,,70lbs,3x10,,
2025-01-23,More!,lateral ins outs,,half turf,3,,
2025-01-23,Back,kneeling cable lat pulldown,,60lbs,3x10,,
2025-01-23,More!,split squats + jump,,25lbs,3x10,,
2025-01-23,More!,uni rdl (toes elevated),,40lbs,4x12,,
2025-01-24,Legs,warm up squats,,"75,85lbs",2x10,,
2025-01-24,More!,bosu ball single leg squats,,"pistol on right, 90deg on left",3x10,,
2025-01-24,Legs,squats (deep),,95lbs,4x8,,
2025-01-24,Legs,good mornings,,85lbs,3x10,,
2025-01-24,Legs,glute drive,,50lbs,3x12,,
2025-01-24,Legs,seated calf raise,,70lbs,3x12,,
2025-01-24,Legs,upright leg press - R,,100lbs,4x10,,
2025-01-24,Legs,upright leg press - L,,80lbs,4x10,,
2025-01-24,Legs,leg extension - R,,80lbs,3x10,,
2025-01-24,Legs,leg extension - L,,50lbs,3x10,,
2025-01-24,Legs,hip abduction,,100lbs,3x10,,
2025-01-24,Legs,farmers carry (trap bar),,60lbs,4x30s,,
2025-01-24,Legs,hip open/stretch,,"R 17.5lbs, L 7.5lbs",3x15,,
2025-01-25,Arms,endless rope,endless-rope,,5x30s,,
2025-01-25,Legs,cable abduction,,20lbs,15,,
2025-01-25,Shoulders,cable lateral raise,cable-lateral-raise,14lbs,"12,12,15,15",,
2025-01-25,Abs,medicine ball wall slams,,12lbs,5x10,,
2025-01-25,More!,R2R,,,w2d1,,
2025-01-25,Arms,iso db hammer curls,,17.5lbs,4x8,,
2025-01-25,Legs,cable adduction,,10lbs,3x15,,
2025-01-25,Abs,trx pike,,,5x12,,
2025-01-25,More!,hop scotch,,half turf,2x3,,
2025-01-25,Arms,unit tri kickback,,10lbs,4x10,,
2025-01-25,Abs,trx side plank,,,3x45s,,
2025-01-25,More!,shuffles,,half turf,3,,
2025-01-25,Arms,trx knuckle pike pushups,,,"5,5,6,6",,
2025-01-25,Abs,cable crunches,cable-crunches,50lbs,4x12,,
2025-01-25,More!,lateral ins outs,,half turf,3,,
2025-01-25,Abs,cybex leg raises,,5lbs,4x10,,
2025-01-25,More!,sled,,500lbs,4x1,,
2025-01-26,Arms,db iso curls,,15lbs,4x15,,
2025-01-26,Back,shrugs,,80lbs,3x10,,
2025-01-26,Legs,back extensions,,25lbs,4x10,,
2025-01-26,Shoulders,overhead press,overhead-press,65lbs,4x6,,
2025-01-26,Abs,45deg oblique crunches,45deg-oblique-crunches,10lbs,3x15,,
2025-01-26,More!,precor bike,,8,10min,,
2025-01-26,Arms,db tri extension,,40lbs,4x12,,
2025-01-26,Shoulders,bb upright row,,55lbs,3x12,,
2025-01-26,Abs,cable crunches,cable-crunches,57.5lbs,3x10,,
2025-01-26,Shoulders,face pulls,face-pulls,115lbs,3x10,,
2025-01-26,Abs,cable woodchoppers,,15lbs,3x12,,
2025-01-26,Shoulders,arnold press,,60lbs,"6,7,8",,
2025-01-26,Shoulders,db lateral raise,db-lateral-raise,25lbs,4x10,,
2025-01-26,Shoulders,db rear delt fly,db-rear-delt-fly,25lbs,4x15,,
2025-01-26,Shoulders,db rear delt row,,35lbs,4x10,,
2025-01-26,Shoulders,lm rear delt row,,55lbs,4x12,,
2025-01-26,Shoulders,lm kneeling uni press,,55lbs,4x8,,
2025-01-26,Shoulders,cable lateral raise,cable-lateral-raise,14lbs,4x10,,
2025-01-26,Shoulders,90 90s,,20lbs,2x10,,
2025-01-26,Shoulders,ext. rotation,,10lbs,2x10,,
2025-01-27,Arms,chin ups,,120lbs,3x4,,
2025-01-27,Chest,bench,,95lbs,"6,8,8,7",,
2025-01-27,Shoulders,cable lateral raise,cable-lateral-raise,14lbs,3x10,,
2025-01-27,Arms,SS cable uni curl,,10lbs,4x10,,
2025-01-27,Chest,db press flat,,80lbs,"6,7,6,2",,
2025-01-27,Arms,SS cable tri pushdown,,35lbs,4x12,,
2025-01-27,Chest,db chest fly,,40lbs,3x10,,
2025-01-27,Arms,endless rope,endless-rope,,5x30s,,
2025-01-27,Chest,cable press around,,20lbs,3x10,,
2025-01-27,Chest,cable fly,,30lbs,3x10,,
2025-01-27,Chest,3s deficit pushups,,,3x6,,
2025-01-28,Back,deadlift (straps),,155lbs,4x8,,
2025-01-28,Legs,calf raises,,45lbs,4x10,,
2025-01-28,More!,R2R,,,w2d2,,
2025-01-28,Back,lat pulldown (wide),,100lbs,"6,7,7,7",,
2025-01-28,Legs,nordic curls,nordic-curls,,8,,
2025-01-28,More!,split squats + jump,,30lbs,3x10,,
2025-01-28,Back,lat pulldown (close),,100lbs,"5,6,6,7",,
2025-01-28,More!,uni rdl (toes elevated),,40lbs,3x15,,
2025-01-28,Back,bb & pendlay row,,100lbs,4x5,,
2025-01-28,Back,kneeling cable lat pulldown,,60lbs,3x12,,
2025-01-28,Back,cable row (medium),,85lbs,3x10,,
2025-01-28,Back,cable row (wide),,70lbs,3x10,,
2025-01-29,Arms,wrist cable OH up,,10lbs,2x15,,
2025-01-29,Legs,hip abduction,,80lbs,4x12,,
2025-01-29,Abs,medicine ball wall slams,,12lbs,5x12,,
2025-01-29,More!,bosu side & front jumps,,1min,2 sets,,
2025-01-29,Arms,wrist cable OH down,,15lbs,2x15,,
2025-01-29,Legs,hip open/stretch,,"R 20lbs, L 12lbs",2x15,,
2025-01-29,More!,squat jumps,squat-jumps,15lbs,5x10,,
2025-01-29,Arms,endless rope,endless-rope,,5x30s,,
2025-01-29,Legs,copenhagens,,,3x12,,
2025-01-29,More!,split jumps,split-jumps,15lbs,5x10,,
2025-01-30,Arms,cable uni reverse curls,,"R-20lbs, L-10lbs",3x10,,
2025-01-30,Chest,bench,,95lbs,4x7,,
2025-01-30,Shoulders,egyptian lateral raise,,5lbs,4x8,,
2025-01-30,Abs,cable crunch,,57.5lbs,"12,10,10,10",,
2025-01-30,More!,sled,,500lbs,4x1,,
2025-01-30,Arms,cable uni tri extension,,25lbs,"10,10,8,8",,
2025-01-30,Chest,db chest fly bottom partials,,40lbs,4x10,,
2025-01-30,Shoulders,cable uni up row,,40lbs,4x10,,
2025-01-30,Abs,cable woodchoppers,,15lbs,4x12,,
2025-01-30,Chest,db press,,80lbs,4x7,,
2025-01-30,Abs,slam ball,,14lbs,2x10,,
2025-01-30,Chest,uni cable chest flys,,40lbs,4x8,,
2025-01-30,Chest,3s deficit pushups,,,4x6,,
2025-01-31,Legs,squat,,95lbs,5x10,,
2025-01-31,More!,side plank hip raise,,,2x20,,
2025-01-31,Legs,adductors machine,adductors-machine,90lbs,3x12,,
2025-01-31,More!,weighted sl squats,,15lbs,3x15,,
2025-01-31,Legs,upright leg press - R,,100lbs,10+3x12,,
2025-01-31,More!,split squats + jump,,20lbs,3x10,,
2025-01-31,Legs,upright leg press - L,,80lbs,4x12,,
2025-01-31,More!,lateral box jumps,lateral-box-jumps,12in,"15,20,20,20",,
2025-01-31,Legs,leg extension - R,,80lbs,4x12,,
2025-01-31,More!,bosu front jumps,,weighted vest ?,3x30s,,
2025-01-31,Legs,leg extension - L,,50lbs,4x12,,
2025-01-31,More!,bosu lateral jumps,,weighted vest ?,3x20,,
2025-01-31,Legs,cable hip abduction,,20lbs,3x12,,
2025-01-31,More!,squat jumps,squat-jumps,15lbs,5x30s,,
2025-01-31,Legs,SM lengthened partials,sm-lengthened-partials,50lbs,5x15,,
2025-01-31,More!,split jumps,split-jumps,15lbs,3x20s,,
2025-01-31,Legs,seated calf raise,,70lbs,4x12,,
2025-02-01,Legs,MTB,,1800ft vert,15.8mi,,
2025-02-01,More!,R2R,,,w2d3,,
2025-02-02,Arms,wrist cable OH up,,5lbs,2x15,,
2025-02-02,Back,lat pulldown (wide),,100lbs,"7,7,8,8",,
2025-02-02,Legs,hip open/stretch,,20lbs,2x15,,
2025-02-02,Shoulders,90 90s,,15lbs,2x15,,
2025-02-02,More!,split squat + jump,,30lbs,5x15,,
2025-02-02,Arms,wrist cable OH down,,10lbs,2x15,,
2025-02-02,Back,cable lat row (medium),,85lbs,4x10,,
2025-02-02,Legs,copenhagens,,,3x10,,
2025-02-02,Shoulders,ext. rotation,,10lbs,2x10,,
2025-02-02,More!,lateral box jumps,lateral-box-jumps,bench,5x10,,
2025-02-02,Arms,chin ups,,100lbs,4x8,,
2025-02-02,Back,db bent over row,,45lbs,4x10,,
2025-02-02,Legs,glute drive,,60lbs,"10,10,12,12",,
2025-02-02,Shoulders,reverse cable fly,reverse-cable-fly,20lbs,4x12,,
2025-02-02,More!,squat jumps,squat-jumps,15lbs,3x30s,,
2025-02-02,Arms,cable uni reverse curls,,"R-20lbs, L-10lbs","R-3x10, L-3x15",,
2025-02-02,Legs,leg curl,,10lbs,2x12,,
2025-02-02,Shoulders,lm rear delt row,,60lbs,4x10,,
2025-02-02,More!,split jumps,split-jumps,15lbs,3x30s,,
2025-02-02,Legs,SM lengthened partials,sm-lengthened-partials,70lbs,10x12,,
2025-02-02,Shoulders,overhead press,overhead-press,65lbs,4x6,,
2025-02-02,More!,box drop + jump,,,2x10,,
2025-02-02,Shoulders,egyptian lateral raise,,5lbs,4x10,,
2025-02-02,More!,bosu sl squats,,,"6,8,10",,
2025-02-02,More!,turf agility: sl forward/back hops,,half turf,5,,
2025-02-03,Arms,wrist cable OH up,,5lbs,2x15,,
2025-02-03,Legs,tibialis raises,tibialis-raises,15lbs,2x15,,
2025-02-03,Shoulders,90 90s,,15lbs,2x15,,
2025-02-03,Abs,cable crunch,,57.5lbs,3x12,,
2025-02-03,More!,bosu front jumps,,18lbs,3x30s,,
2025-02-03,Arms,wrist cable OH down,,10lbs,2x15,,
2025-02-03,Legs,farmers carry (trap bar),,70lbs,3x60s,,
2025-02-03,Shoulders,ext. rotation,,15lbs,2x15,,
2025-02-03,Abs,cable woodchoppers,,15lbs,3x15,,
2025-02-03,More!,bosu side jumps,,18lbs,3x30s,,
2025-02-03,Arms,endless rope,endless-rope,,3x30s,,
2025-02-03,Abs,cybex leg raises,,5lbs,3x12,,
2025-02-03,More!,lateral box jumps,lateral-box-jumps,bench,7x10,,
2025-02-03,Abs,slam ball,,14lbs,3x10,,
2025-02-03,More!,squat jumps,squat-jumps,18lbs,3x30s,,
2025-02-03,More!,uni rdl (te),,40lbs,3x15,,
2025-02-03,More!,single leg wall ball,,,,,
2025-02-04,Arms,chin ups,,100lbs,4x8,,
2025-02-04,Back,deadlift (straps),,165lbs,4x6,,
2025-02-04,Legs,hip open/press,,20lbs,3x15,,
2025-02-04,Shoulders,uni reverse cable fly,,20lbs,3x10,,
2025-02-04,More!,R2R,,,w3d1,,
2025-02-04,Back,lat pulldown (wide),,100lbs,4x8,,
2025-02-04,Legs,copenhagens,,,3x10,,
2025-02-04,Shoulders,egyptian lateral raise,,10lbs,4x8,,
2025-02-04,Back,cable lat row (medium),,85lbs,3x12,,
2025-02-04,Shoulders,db rear delt fly,db-rear-delt-fly,30lbs,3x10,,
2025-02-04,Back,kneeling cable lat pulldown,,35lbs,3x10,,
2025-02-05,Legs,good morning,good-morning,85lbs,4x10,,
2025-02-05,More!,SL squats 90deg,,15lbs,3x15,,
2025-02-05,Legs,uni rdl (te),,40lbs,3x15,,
2025-02-05,More!,cross circle jumps,cross-circle-jumps,,10,,
2025-02-05,Legs,leg curls,,15lbs,3x12,,
2025-02-05,More!,lateral box jumps,lateral-box-jumps,bench,5x12,,
2025-02-05,Legs,glute drive,,70lbs,3x12,,
2025-02-05,More!,split jumps,split-jumps,15lbs,3x20s,,
2025-02-05,Legs,nordic curls,nordic-curls,,3x10,,
2025-02-05,More!,Y balance,y-balance,,3,,
2025-02-05,Legs,seated calf raise,,80lbs,4x10,,
2025-02-06,Arms,cable uni reverse curls,,10lbs,3x12,,
2025-02-06,Chest,bench,,95lbs,4x6,,
2025-02-06,Shoulders,egyptian lateral raise - L,,5lbs,4x10,,
2025-02-06,Abs,cable crunches,cable-crunches,65lbs,3x10,,
2025-02-06,More!,sled,,505lbs,4x1,,
2025-02-06,Chest,db chest fly bottom partials,,40lbs,4x8,,
2025-02-06,Shoulders,cable uni up row,,50lbs,4x8,,
2025-02-06,Abs,cable woodchoppers,,20lbs,3x10,,
2025-02-06,More!,cross circle jumps,cross-circle-jumps,,3x5,,
2025-02-06,Chest,db press,,80 lbs,4x6,,
2025-02-06,Chest,cable chest flys,,50lbs,4x8,,
2025-02-06,Chest,3s deficit pushups,,,7,,
2025-02-07,Arms,wrist cable OH up,,5lbs,3x15,,
2025-02-07,Legs,leg extension - L,,40lbs,"17,15,16,21",,
2025-02-07,Shoulders,90 90s,,10lbs,2x15,,
2025-02-07,Abs,ab roller,,,3x10,,
2025-02-07,Arms,wrist cable OH down,,10lbs,2x15,,
2025-02-07,Legs,leg extension - R,,70lbs,"15,15,16,14",,
2025-02-07,Shoulders,ext. rotation,,10lbs,2x12,,
2025-02-07,Legs,upright leg press - L,,70lbs,"22,25,25,30",,
2025-02-07,Legs,upright leg press - R,,100lbs,"18,15,16,16",,
2025-02-07,Legs,cable hip abduction (back),,10lbs,4x10,,
2025-02-07,Legs,SM lengthened partials,sm-lengthened-partials,80lbs,"8,8,7,8,8",,
2025-02-07,Legs,tibialis raises,tibialis-raises,"L-15lbs, R-20lbs",3x15,,
2025-02-07,Legs,seated calf raises,,80lbs,4x12,,
2025-02-08,Arms,wrist cable OH up,,10lbs,3x10,,
2025-02-08,Back,lat pulldown (wide),,120lbs,4x5,,
2025-02-08,Legs,tibialis raises,tibialis-raises,"L-15lbs, R-20lbs",3x15,,
2025-02-08,Shoulders,90 90s,,10lbs,2x15,,
2025-02-08,Arms,wrist cable OH down,,10lbs,3x15,,
2025-02-08,Back,barbell row,barbell-row,100lbs,4x6,,
2025-02-08,Shoulders,ext. rotation,,10lbs,2x10,,
2025-02-08,Arms,chin ups,,120lbs,4x4,,
2025-02-08,Back,face pulls,face-pulls,57.5lbs,3x10,,
2025-02-08,Shoulders,uni reverse cable fly,,10lbs,4x10,,
2025-02-08,Arms,db iso bicep curls,,17.5lbs,4x10,,
2025-02-08,Back,cable lat row (medium),,85lbs,4x12,,
2025-02-08,Shoulders,lm rear delt row,,60lbs,4x12,,
2025-02-08,Back,cable lat row (wide),,70lbs,4x12,,
2025-02-09,Arms,wrist db OH up,,10lbs,3x15,,
2025-02-09,Back,lat pulldown (medium),,85lbs,4x8,,
2025-02-09,Legs,tibialis raises,tibialis-raises,"L-15lbs, R-20lbs",3x12,,
2025-02-09,Shoulders,90 90s,,10lbs,2x15,,
2025-02-09,More!,sled,,505lbs,4x1,,
2025-02-09,Arms,wrist db UH up,,15lbs,3x15,,
2025-02-09,Back,shrugs,,80lbs,4x12,,
2025-02-09,Legs,leg curls,,25lbs,4x8,,
2025-02-09,Shoulders,ext. rotation,,10lbs,2x10,,
2025-02-09,More!,lateral box jumps,lateral-box-jumps,bench,3x15,,
2025-02-09,Arms,cable uni reverse curls,,10lbs,3x12,,
2025-02-09,Legs,glute drive,,80lbs,4x10,,
2025-02-09,Shoulders,overhead press,overhead-press,65lbs,4x6,,
2025-02-09,More!,squat jumps,squat-jumps,18lbs,3x20s,,
2025-02-09,Legs,leg extension - L,,30lbs,"12,20,22,23",,
2025-02-09,Shoulders,egyptian lateral raise,,5lbs,4x10,,
2025-02-09,More!,turf agility: sl forward/back hops,,half turf,3,,
2025-02-09,Legs,leg extension - R,,70lbs,"13,16,17,17",,
2025-02-09,Shoulders,db rear delt fly,db-rear-delt-fly,30lbs,4x10,,
2025-02-09,More!,split squats + jump,,30lbs,3x10,,
2025-02-09,Legs,hip open/press,,25lbs,3x12,,
2025-02-09,Shoulders,db lateral raise,db-lateral-raise,30lbs,3x8,,
2025-02-09,More!,cross circle jumps,cross-circle-jumps,,3x5,,
2025-02-09,Legs,adductor machine,,100lbs,3x12,,
2025-02-09,More!,R2R,,,w3d3,,
2025-02-09,Legs,copenhagens,,,3x12,,
2025-02-09,Legs,cable hip abduction (back),,10lbs,3x15,,
2025-02-10,Legs,tibialis raises,tibialis-raises,"L-15lbs, R-20lbs",2x12,,
2025-02-10,Abs,cable crunch,,60lbs,3x10,,
2025-02-10,More!,bosu front jumps,,18lbs,3x45s,,
2025-02-10,Abs,45deg oblique crunches,45deg-oblique-crunches,12.5lbs,3x10,,
2025-02-10,More!,bosu lateral jumps,,18lbs,"R-3x45s, L-3x30s",,
2025-02-10,Abs,cybex leg raises,,7.5lbs,3x10,,
2025-02-10,More!,split jumps,split-jumps,15lbs,3x15,,
2025-02-10,More!,split squat + jump,,30lbs,3x12,,
2025-02-11,Back,deadlift,deadlift,165lbs,4x7,,
2025-02-11,Legs,hip open/press,,25lbs,3x15,,
2025-02-11,Shoulders,uni reverse cable fly,,10lbs,3x10,,
2025-02-11,Back,back extensions,,25lbs,3x12,,
2025-02-11,Legs,copenhagens,,,3x12,,
2025-02-11,Shoulders,egyptian lateral raise,,5lbs,4x12,,
2025-02-11,Back,face pulls,face-pulls,57.5lbs,3x10,,
2025-02-11,Shoulders,db rear delt fly,db-rear-delt-fly,30lbs,3x10,,
2025-02-11,Back,lat pulldown (wide),,120lbs,4x5,,
2025-02-11,Back,lat pulldown (medium),,85lbs,4x10,,
2025-02-11,Back,shrugs,,85lbs,4x10,,
2025-02-12,Legs,upright leg press - L,,70lbs,3x15,,
2025-02-12,More!,side hip raises,,,,,
2025-02-12,Legs,upright leg press - R,,100lbs,3x12,,
2025-02-12,More!,step ups,step-ups,,,,
2025-02-12,Legs,leg extension - L,,40lbs,3x15,,
2025-02-12,Legs,leg extension - R,,80lbs,3x10,,
2025-02-12,Legs,good morning,good-morning,85lbs,4x12,,
2025-02-12,Legs,uni rdl (te),,50lbs,3x10,,
2025-02-12,Legs,glute drive,,90lbs,3x8,,
2025-02-12,Legs,seated calf raise,,90lbs,4x8,,
2025-02-12,Legs,leg curls,,25lbs,3x8,,
2025-02-13,Arms,cable uni reverse curls,,15lbs,4x8,,
2025-02-13,Chest,bench,,95lbs,4x7,,
2025-02-13,Shoulders,cable uni up row,,25lbs,4x10,,
2025-02-13,Abs,ab wheel,ab-wheel,,4x12,,
2025-02-13,More!,box drop + jump,,,3x10,,
2025-02-13,Arms,db uni tri extension,,17.5lbs,4x10,,
2025-02-13,Chest,db chest fly bottom partials,,40lbs,4x12,,
2025-02-13,Abs,cybex leg raises,,7.5lbs,4x12,,
2025-02-13,More!,cross circle jumps,cross-circle-jumps,,2x5,,
2025-02-13,Chest,cable chest flys,,50lbs,4x10,,
2025-02-13,Abs,slam wall ball,,14lbs,4x10,,
2025-02-13,Chest,bring sally up,,,"4,6,6,6",,
2025-02-14,Legs,squat,,105lbs,4x8,,
2025-02-14,More!,sl squats 90deg,,10lbs,3x10,,
2025-02-14,Legs,upright leg press - L,,"70lbs, 80lbs","2x20, 2x15",,
2025-02-14,More!,sl hop,,,90%,,
2025-02-14,Legs,upright leg press - R,,100lbs,4x15,,
2025-02-14,More!,triple hop,,,92%,,
2025-02-14,Legs,leg extension - L,,50lbs,4x12,,
2025-02-14,More!,lateral triple hops,,,90%,,
2025-02-14,Legs,leg extension - R,,80lbs,4x10,,
2025-02-14,More!,split jumps,split-jumps,20lbs,3x10,,
2025-02-14,Legs,abductors machine,abductors-machine,100lbs,3x8,,
2025-02-14,More!,R2R,,,w4d2,,
2025-02-14,Legs,cable hip abduction (back),,15lbs,3x10,,
2025-02-14,Legs,seated calf raise,,90lbs,4x10,,
2025-02-14,Legs,split squats,,50lbs,3x10,,
2025-02-14,Legs,SM lengthened partials,sm-lengthened-partials,80lbs,8x10,,
2025-02-15,Arms,wrist db OH up,,12.5lbs,2x12,,
2025-02-15,Back,lat pulldown (wide),,120lbs,4x5,,
2025-02-15,Legs,tibialis raises,tibialis-raises,"L-15lbs, R-20lbs",2x15,,
2025-02-15,Shoulders,90 90s,,10lbs,2x10,,
2025-02-15,Abs,farmers carry (trap bar),,70lbs,3x60s,,
2025-02-15,Arms,wrist db UH up,,17.5lbs,2x20,,
2025-02-15,Back,lat pulldown (medium),,100lbs,4x8,,
2025-02-15,Shoulders,ext. rotation,,10lbs,2x15,,
2025-02-15,Back,barbell row,barbell-row,100lbs,4x6,,
2025-02-15,Shoulders,uni reverse cable fly,,10lbs,4x12,,
2025-02-15,Back,face pulls,face-pulls,57.5lbs,3x10,,
2025-02-15,Shoulders,lm rear delt row,,70lbs,4x8,,
2025-02-15,Back,incline row machine,,25lbs,3x8,,
2025-02-15,Shoulders,db rear delt fly,db-rear-delt-fly,30lbs,3x12,,
2025-02-15,Back,cable lat row (narrow),,100lbs,4x8,,
2025-02-15,Back,cable lat row (wide),,100lbs,4x8,,
2025-02-16,Arms,cable uni reverse curls,,15lbs,3x10,,
2025-02-16,Chest,db press,,80lbs,4x7,,
2025-02-16,Legs,glute drive,,90lbs,4x10,,
2025-02-16,Shoulders,overhead press,overhead-press,65lbs,4x7,,
2025-02-16,More!,lateral box jumps,lateral-box-jumps,bench,5x12,,
2025-02-16,Chest,cable chest fly (seated),,40lbs,4x10,,
2025-02-16,Legs,leg curls,,25lbs,4x10,,
2025-02-16,Shoulders,egyptian lateral raise,,5lbs,2x12,,
2025-02-16,More!,bosu front jumps,,18lbs,3x45s,,
2025-02-16,Legs,leg extension - R,,80lbs,4x10,,
2025-02-16,Shoulders,db lateral raise,db-lateral-raise,30lbs,4x8,,
2025-02-16,More!,cross circle jumps,cross-circle-jumps,,3x5,,
2025-02-16,Legs,leg extension - L,,50lbs,"17,17,18,18",,
2025-02-16,Shoulders,db rear delt fly,db-rear-delt-fly,35lbs,4x8,,
2025-02-16,More!,ta: sl forward/back hops,,half turf,4,,
2025-02-16,Legs,leg extension eccentrics - L,,"70,80,90,100,110",1s,,
2025-02-16,More!,box drop + jump,,,3x10,,
2025-02-16,Legs,hip open/press,,25lbs,2x15,,
2025-02-16,Legs,adductors machine,adductors-machine,110lbs,3x10,,
2025-02-16,Legs,cable hip abduction (back),,15lbs,3x12,,
2025-02-17,Arms,wrist db OH up,,12.5lbs,2x15,,
2025-02-17,Legs,tibialis raises,tibialis-raises,20lbs,2x15,,
2025-02-17,Shoulders,90 90s,,5lbs,2x15,,
2025-02-17,Abs,ab pushing cybex,,105lbs,3x12,,
2025-02-17,More!,sl squats 90deg,,15lbs,3x10,,
2025-02-17,Arms,wrist db UH up,,17.5lbs,3x15,,
2025-02-17,Shoulders,ext. rotation,,10lbs,2x10,,
2025-02-17,Abs,45deg oblique crunches,45deg-oblique-crunches,15lbs,3x10,,
2025-02-17,More!,hop: 1 for distance,,,~90%,,
2025-02-17,Arms,endless rope,endless-rope,,90s,,
2025-02-17,Abs,woodchoppers,woodchoppers,20lbs,3x12,,
2025-02-17,More!,hop: triple,,,~100%,,
2025-02-17,Abs,slam ball,,14lbs,15,,
2025-02-17,More!,hop: lateral triple,,,~95%,,
2025-02-18,Back,deadlift,deadlift,165lbs,4x8,,
2025-02-18,Legs,hip open/press,,25lbs,2x15,,
2025-02-18,Shoulders,cable uni reverse cable flys,,12.5lbs,3x8,,
2025-02-18,More!,R2R,,,w5d1,,
2025-02-18,Back,back extension,,25lbs,"12,15,15",,
2025-02-18,Legs,copenhagens,,,2x15,,
2025-02-18,Shoulders,egyptian lateral raise,,7.5lbs,4x8,,
2025-02-18,Back,face pulls,face-pulls,57.5lbs,4x12,,
2025-02-18,Shoulders,db rear delt fly,db-rear-delt-fly,35lbs,3x8,,
2025-02-18,Back,lat pulldown (wide),,120lbs,4x6,,
2025-02-18,Back,lat pulldown (medium),,100lbs,3x10,,
2025-02-18,Back,shrugs,,90lbs,4x8,,
2025-02-19,Arms,wrist db OH up,,12.5lbs,2x15,,
2025-02-19,Legs,tibialis raises,tibialis-raises,20lbs,2x15,,
2025-02-19,Shoulders,90 90s,,5lbs,2x15,,
2025-02-19,Arms,wrist db UH up,,17.5lbs,"15,20,20",,
2025-02-19,Legs,good mornings,,90lbs,4x8,,
2025-02-19,Shoulders,ext. rotation,,10lbs,2x10,,
2025-02-19,Legs,uni rdl (te),,50lbs,3x12,,
2025-02-19,Legs,standing calf raise,,45lbs,4x12,,
2025-02-19,Legs,glute drive,,90lbs,3x12,,
2025-02-19,Legs,leg curls,,25lbs,3x12,,
2025-02-20,Arms,cable uni reverse curls,,10lbs,4x12,,
2025-02-20,Chest,bench,,95lbs,4x8,,
2025-02-20,Shoulders,cable uni up row,,25lbs,4x10,,
2025-02-20,Abs,cable crunch,,65lbs,4x8,,
2025-02-20,More!,bosu sl squats,,R only,3x10,,
2025-02-20,Arms,cable uni tri extension,,15lbs,4x8,,
2025-02-20,Chest,db chest fly bottom partials,,50lbs,4x8,,
2025-02-20,Abs,woodchoppers,woodchoppers,25lbs,4x8,,
2025-02-20,Chest,cable chest fly (seated),,40lbs,4x12,,
2025-02-20,Chest,deficit pushups (wide),,,3x8,,
2025-02-21,Arms,wrist db OH up,,15lbs,2x10,,
2025-02-21,Legs,tibialis raises,tibialis-raises,20lbs,2x15,,
2025-02-21,Shoulders,90 90s,,5lbs,2x15,,
2025-02-21,More!,bosu rdl,,?,3x15,,
2025-02-21,Arms,wrist db UH up,,22.5lbs,2x10,,
2025-02-21,Legs,squat,,105lbs,4x8,,
2025-02-21,Shoulders,ext. rotation,,10lbs,2x10,,
2025-02-21,More!,R2R,,,w5d2,,
2025-02-21,Legs,abductors machine,abductors-machine,100lbs,3x10,,
2025-02-21,More!,cross circle jumps,cross-circle-jumps,,3x5,,
2025-02-21,Legs,upright leg press,,"R - 110lbs, L - 90lbs",4x10,,
2025-02-21,Legs,leg extension,,"R - 90lbs, L - 70lbs",3x10,,
2025-02-21,Legs,cable hip abduction (back),,15lbs,3x12,,
2025-02-21,Legs,standing calf raise,,50lbs,4x8,,
2025-02-21,Legs,split squats,,50lbs,"10,12,12",,
2025-02-22,Arms,db iso uni bicep curls,,17.5lbs,"9,8,8,8",,
2025-02-22,Back,lat pulldown (wide),,120lbs,4x6,,
2025-02-22,Shoulders,uni reverse cable flys,,12.5lbs,4x10,,
2025-02-22,More!,bosu front jumps,,18lbs,3x1min,,
2025-02-22,Arms,endless rope,endless-rope,,3x1min,,
2025-02-22,Back,lat pulldown (medium),,100lbs,4x10,,
2025-02-22,Shoulders,lm rear delt row,,70lbs,4x10,,
2025-02-22,More!,bosu lateral jumps,,18lbs,3x1min,,
2025-02-22,Back,barbell row,barbell-row,100lbs,4x8,,
2025-02-22,Shoulders,db rear delt fly,db-rear-delt-fly,35lbs,3x10,,
2025-02-22,More!,split jumps,split-jumps,15lbs,3x30s,,
2025-02-22,Back,face pulls,face-pulls,65lbs,3x8,,
2025-02-22,More!,agility,,half turf,2xEach (3),,
2025-02-22,Back,cable lat row (narrow),,100lbs,4x10,,
2025-02-22,More!,single leg wall ball,,6lbs,3x15,,
2025-02-22,Back,kneeling cable lat pulldown,,35lbs,"10,9,9,8",,
2025-02-23,Arms,wrist db OH up,,12.5lbs,2x12,,
2025-02-23,Chest,db press,,80lbs,4x8,,
2025-02-23,Legs,tibialis raises,tibialis-raises,20lbs,2x15,,
2025-02-23,Shoulders,ext. rotation,,10lbs,2x12,,
2025-02-23,Abs,kb around the world,kb-around-the-world,13lbs,4x1min,,
2025-02-23,More!,lateral box jumps,lateral-box-jumps,bench,3x20s,,
2025-02-23,Arms,wrist db UH up,,25lbs,2x10,,
2025-02-23,Legs,glute drive,,100lbs,4x8,,
2025-02-23,Shoulders,90 90s,,5lbs,2x15,,
2025-02-23,More!,squat jumps,squat-jumps,18lbs,3x20s,,
2025-02-23,Arms,cable uni reverse curls,,12.5lbs,3x8,,
2025-02-23,Legs,leg curls,,30lbs,4x8,,
2025-02-23,Shoulders,overhead press,overhead-press,65lbs,4x7,,
2025-02-23,More!,box drop + jump,,,3x10,,
2025-02-23,Legs,adductor machine,,110lbs,3x12,,
2025-02-23,Shoulders,egyptian lateral raise,,7.5lbs,2x10,,
2025-02-23,Legs,leg extension,,"R - 90lbs, L - NONE",4x10,,
2025-02-23,Shoulders,cable front raise,cable-front-raise,10lbs,4x10,,
2025-02-23,Legs,hip open/press,,30lbs,2x10,,
2025-02-23,Shoulders,db lateral raise,db-lateral-raise,30lbs,4x8,,
2025-02-23,Legs,copenhagens,,e-1,3x10,,
2025-02-23,Shoulders,db rear delt fly,db-rear-delt-fly,35lbs,4x10,,
2025-02-23,Legs,cable hip abduction (back),,15lbs,3x10,,
2025-02-24,Arms,endless rope,endless-rope,,2x1min,,
2025-02-24,Abs,turkish sit ups,turkish-sit-ups,9lbs,4x10,,
2025-02-24,More!,bosu front jumps,,18lbs,2x1min,,
2025-02-24,Abs,45deg oblique crunches,45deg-oblique-crunches,15lbs,3x12,,
2025-02-24,More!,bosu lateral jumps,,18lbs,1min,,
2025-02-24,Abs,ab wheel,ab-wheel,,3x15,,
2025-02-24,More!,split squat + jump - L,,30lbs,3x12,,
2025-02-24,More!,cross circle jumps,cross-circle-jumps,,2x8,,
2025-02-24,More!,R2R,,,w5d3,,
2025-02-25,Arms,cable uni reverse curls,,12.5lbs,"8,8,10,10",,
2025-02-25,Back,deadlift,deadlift,175lbs,4x5,,
2025-02-25,Legs,hip open/press,,30lbs,2x12,,
2025-02-25,Shoulders,egyptian lateral raise,,7.5lbs,4x10,,
2025-02-25,More!,single leg wall ball,,6lbs,3x15,,
2025-02-25,Back,back extensions,,25lbs,3x15,,
2025-02-25,Legs,copenhagens,,e-1,2x10,,
2025-02-25,Shoulders,cable uni upright row,,25lbs,4x10,,
2025-02-25,More!,RTST hop events,,,80s?,,
2025-02-25,Back,face pulls,face-pulls,65lbs,4x8,,
2025-02-25,Back,kneeling cable lat pulldown,,35lbs,4x10,,
2025-02-25,Back,back extension cybex,,105lbs,4x10,,
2025-02-25,Back,shrugs,,90lbs,4x10,,
2025-02-26,Arms,wrist db OH up,,12.5lbs,3x12,,
2025-02-26,Legs,good mornings,,90lbs,4x10,,
2025-02-26,Shoulders,ext. rotation,,10lbs,2x12,,
2025-02-26,More!,bosu uni rdl,,,2x15,,
2025-02-26,Arms,wrist db UH up,,25lbs,3x12,,
2025-02-26,Legs,uni rdl (te),,50lbs,3x15,,
2025-02-26,Shoulders,90 90s,,7.5lbs,2x12,,
2025-02-26,More!,box drop + jump,,,3x10,,
2025-02-26,Legs,seated calf raise,,90lbs,4x12,,
2025-02-26,Legs,leg curls,,30lbs,3x10,,
2025-02-27,Arms,wrist db OH up,,12.5lbs,2x15,,
2025-02-27,Chest,bench,,100lbs,4x5,,
2025-02-27,Legs,tibialis raises,tibialis-raises,20lbs,2x15,,
2025-02-27,Shoulders,ext. rotation,,10lbs,2x15,,
2025-02-27,Abs,slam ball,,16lbs,,,
2025-02-27,More!,bosu front jumps,,18lbs,1min,,
2025-02-27,Arms,wrist db UH up,,25lbs,2x15,,
2025-02-27,Chest,db chest fly bottom partials,,50lbs,4x10,,
2025-02-27,Shoulders,90 90s,,7.5lbs,2x15,,
2025-02-27,More!,bosu lateral jumps,,18lbs,1min,,
2025-02-27,Arms,db uni tri extension,,17.5lbs,4x12,,
2025-02-27,Chest,cable chest fly (seated),,50lbs,4x8,,
2025-02-27,Shoulders,uni reverse cable flys,,12.5lbs,4x12,,
2025-02-27,More!,cross circle jumps,cross-circle-jumps,,8,,
2025-02-27,Arms,endless rope,endless-rope,,,,
2025-02-27,Chest,1s deficit pushups,,,"5,6,7",,
2025-02-27,Shoulders,db rear delt fly,db-rear-delt-fly,35lbs,4x12,,
2025-02-28,Abs,kb around the world,kb-around-the-world,25lbs,3x1min,,
2025-02-28,More!,agility,,half turf,2xEach (3),,
2025-02-28,Abs,straight leg sit ups,straight-leg-sit-ups,7.5lbs,"12,12,12,15",,
2025-02-28,Abs,hip airplane,hip-airplane,,,,
2025-03-03,Arms,tricep pushups,,,10,,home workout because still bronchitis (??)
2025-03-03,Back,wide pullups,,,5x1,,home workout because still bronchitis (??)
2025-03-03,Legs,lunge drives,,,10,,home workout because still bronchitis (??)
2025-03-03,Shoulders,lateral raises,,violin case,3x10,,home workout because still bronchitis (??)
2025-03-03,Abs,plank,,,2x90s,,home workout because still bronchitis (??)
2025-03-03,More!,speed skaters,,,10,,home workout because still bronchitis (??)
2025-03-03,Arms,wide pushups,,,10,,
2025-03-03,Back,hammer grip pullups,,,5x1,,
2025-03-03,Legs,lateral lunges,,,10,,
2025-03-03,Abs,L-sit work,l-sit-work,,,,
2025-03-03,More!,step downs - L,,,3x10,,
2025-03-03,Arms,diamond pushups,,,10,,
2025-03-03,Back,chin ups,,,1,,
2025-03-03,Legs,bulgarian split squats,bulgarian-split-squats,,2x10,,
2025-03-03,Arms,kneeling one arm pushups,,,5,,
2025-03-03,Legs,hip open/press,,,20,,
2025-03-03,Legs,side hip raises,,,2x15,,
2025-03-03,Legs,leg raises,leg-raises,,15,,
2025-03-03,Legs,nordic curl eccentrics,,,10,,
2025-03-03,Legs,hip airplane,hip-airplane,,2x3,,
2025-03-03,Legs,pistol squats - R,,,2x5,,
2025-03-04,Arms,cable uni reverse curls,,12.5lbs,3x10,,cut 1 set from everything because recovering from sickness
2025-03-04,Back,deadlift,deadlift,175lbs,3x5,,cut 1 set from everything because recovering from sickness
2025-03-04,Legs,hip open/press,,25lbs,2x15,,cut 1 set from everything because recovering from sickness
2025-03-04,Shoulders,egyptian lateral raise,,7.5lbs,3x10,,cut 1 set from everything because recovering from sickness
2025-03-04,Back,face pulls,face-pulls,65lbs,3x8,,
2025-03-04,Legs,copenhagens,,bench,2x15,,
2025-03-04,Shoulders,cable uni up row,,25lbs,3x10,,
2025-03-04,Back,lat pulldown (wide),,120lbs,3x6,,
2025-03-04,Legs,hip flexor hurdles,,,2x10,,
2025-03-04,Back,lat pulldown (medium),,100lbs,3x10,,
2025-03-04,Back,shrugs,,90lbs,3x10,,
2025-03-05,Arms,wrist db OH up,,12.5lbs,2x15,,"again, cut 1 set (or equiv reps) from everything because recovering from sickness"
2025-03-05,Back,barbell row,barbell-row,100lbs,4x6,,"again, cut 1 set (or equiv reps) from everything because recovering from sickness"
2025-03-05,Legs,box squats,,"45,65,95,95","10,12,10,10",,"again, cut 1 set (or equiv reps) from everything because recovering from sickness"
2025-03-05,Shoulders,ext. rotation,,10lbs,2x15,,"again, cut 1 set (or equiv reps) from everything because recovering from sickness"
2025-03-05,Arms,wrist db UH up,,25lbs,2x15,,
2025-03-05,Back,back extension,,25lbs,2x15,,
2025-03-05,Legs,uni rdl,uni-rdl,50lbs,2x15,,
2025-03-05,Shoulders,90 90s,,7.5lbs,2x15,,
2025-03-05,Legs,seated calf raise,,95lbs,3x10,,
2025-03-05,Legs,glute drive,,100lbs,3x8,,
2025-03-05,Legs,seated hamstring curl,seated-hamstring-curl,70lbs,3x10,,
2025-03-05,Legs,nordic curls,nordic-curls,eccentrics,3x10,,
2025-03-05,Legs,tibialis raises,tibialis-raises,20lbs,2x15,,
2025-03-06,Arms,wrist db OH up,,12.5lbs,2x15,,shoulders definitely took a hit from being sick
2025-03-06,Chest,bench,,100lbs,4x5,,shoulders definitely took a hit from being sick
2025-03-06,Shoulders,ext. rotation,,12.5lbs,2x12,,shoulders definitely took a hit from being sick
2025-03-06,More!,Y balance,y-balance,,1,,shoulders definitely took a hit from being sick
2025-03-06,Arms,wrist db UH up,,25lbs,2x15,,
2025-03-06,Chest,kneeling cable chest flys,,50lbs,4x10,,
2025-03-06,Shoulders,90 90s,,10lbs,2x12,,
2025-03-06,More!,cross circle jumps,cross-circle-jumps,,8,,
2025-03-06,Arms,cable tri pushdown,,35lbs,"12,12,10,10",,
2025-03-06,Chest,1s deficit pushups,,,3x7,,
2025-03-06,Shoulders,uni reverse cable fly,,12.5lbs,"10,10,10,8",,
2025-03-06,Shoulders,db rear delt fly,db-rear-delt-fly,40lbs,4x8,,
2025-03-07,Arms,endless rope,endless-rope,,4x1min,,cut the run because lingering cough
2025-03-07,Legs,squat,,105lbs,4x8,,cut the run because lingering cough
2025-03-07,Abs,cable crunches,cable-crunches,65lbs,4x10,,cut the run because lingering cough
2025-03-07,More!,side hip raises,,,2x15,,cut the run because lingering cough
2025-03-07,Legs,abductors machine,abductors-machine,100lbs,4x10,,
2025-03-07,Abs,straight leg situps,,10lbs,4x12,,
2025-03-07,More!,y balance,y-balance,,2x10,,
2025-03-07,Legs,upright leg press (quads),,"R - 110lbs, L - 90lbs",4x10,,
2025-03-07,Abs,trx v-ups,trx-v-ups,,4x10,,
2025-03-07,Legs,leg extension,,"R - 90lbs, L - 70lbs",4x10,,
2025-03-07,Abs,kb around the world,kb-around-the-world,25lbs,4x1min,,
2025-03-07,Legs,cable hip abduction (back),,15lbs,3x12,,
2025-03-07,Abs,slam ball,,18lbs,4x10,,
2025-03-07,Legs,standing calf raise,,50lbs,4x10,,
2025-03-07,Legs,split squats (quads),,50lbs,3x12,,
2025-03-08,Arms,wrist db OH up,,12.5lbs,2x15,,
2025-03-08,Back,lat pulldown (medium),,100lbs,4x12,,
2025-03-08,Chest,db press,,90lbs,4x5,,
2025-03-08,Legs,tibialis raises,tibialis-raises,20lbs,2x15,,
2025-03-08,Shoulders,ext. rotation,,12.5lbs,2x15,,
2025-03-08,Abs,farmers carry (trap bar),,70lbs,3x60s,,
2025-03-08,Arms,wrist db UH up,,25lbs,2x15,,
2025-03-08,Back,face pulls,face-pulls,65lbs,3x10,,
2025-03-08,Legs,glute drive,,100lbs,4x10,,
2025-03-08,Shoulders,90 90s,,10lbs,2x12,,
2025-03-08,Abs,45deg oblique crunches,45deg-oblique-crunches,20lbs,4x8,,
2025-03-08,Arms,cable uni bicep curls,,10lbs,4x12,,
2025-03-08,Back,cable lat row (narrow),,100lbs,4x10,,
2025-03-08,Legs,seated hamstring curl,seated-hamstring-curl,70lbs,"10,12,12,14",,
2025-03-08,Shoulders,upright row,upright-row,50lbs,3x8,,
2025-03-08,Abs,cybex leg raises,,10lbs,4x8,,
2025-03-08,Arms,db uni tri extension,,20lbs,3x8,,
2025-03-08,Back,cable lat row (wide),,100lbs,4x8,,
2025-03-08,Legs,hip open/press,,30lbs,2x12,,
2025-03-08,Shoulders,lm rear delt row,,70lbs,4x8,,
2025-03-08,Abs,woodchoppers,woodchoppers,25lbs,4x10,,
2025-03-08,Arms,endless rope,endless-rope,,3x1min,,
2025-03-08,Legs,adductor machine,,120lbs,3x8,,
2025-03-08,Shoulders,overhead press,overhead-press,65lbs,4x8,,
2025-03-08,Abs,slam ball,,18lbs,4x10,,
2025-03-08,Shoulders,egyptian lateral raise,,7.5lbs,4x8,,
2025-03-08,Shoulders,cable front raise,cable-front-raise,10lbs,4x12,,
2025-03-10,Arms,cable uni reverse curls,,12.5lbs,4x10,,Moab gym. Very sleepy all day because it's hot?? Is richer oxygen doing something for my lateral raises??
2025-03-10,Back,lat pulldown (wide),,120lbs,4x6,,Moab gym. Very sleepy all day because it's hot?? Is richer oxygen doing something for my lateral raises??
2025-03-10,Shoulders,egyptian lateral raise,,7.5lbs,4x12,,Moab gym. Very sleepy all day because it's hot?? Is richer oxygen doing something for my lateral raises??
2025-03-10,Arms,cable uni bicep curls,,12.5lbs,4x10,,
2025-03-10,Back,db bent over row (no barbell),,100lbs,"6,6,7,7",,
2025-03-10,Shoulders,upright row,upright-row,50lbs,4x8,,
2025-03-10,Back,face pulls,face-pulls,65lbs,4x10,,
2025-03-10,Back,shrugs,,90lbs,4x12,,
2025-03-11,Back,deadlift,deadlift,185lbs,4x5,,Still in Moab. Feel better than yesterday but kind of bloated??
2025-03-11,Legs,seated hamstring curl,seated-hamstring-curl,85lbs,3x8,,Still in Moab. Feel better than yesterday but kind of bloated??
2025-03-11,Legs,box squats,,"90,115,3x125",5x12,,
2025-03-11,Legs,uni rdl,uni-rdl,60lbs,3x10,,
2025-03-11,Legs,seated calf raise,,95lbs,4x12,,
2025-03-11,Legs,SM lengthened partials,sm-lengthened-partials,85lbs,8x10,,
2025-03-12,Arms,db uni tri extension,,20lbs,4x8,,
2025-03-12,Chest,bench,,100lbs,4x6,,
2025-03-12,Shoulders,db rear delt fly,db-rear-delt-fly,40lbs,4x10,,
2025-03-12,Abs,rotary torso machine,,60lbs,4x10,,
2025-03-12,Arms,decline pushups,,bench,3x10,,
2025-03-12,Chest,kneeling cable chest flys,,50lbs,4x12,,
2025-03-12,Shoulders,lateral raise machine,,40lbs,4x12,,
2025-03-12,Chest,chest press machine,,85lbs,4x10,,
2025-03-12,Chest,db pullover,,30lbs,3x10,,
2025-03-14,Legs,squat,,105lbs,4x8,,First evening back in Breck
2025-03-14,Abs,cable crunches,cable-crunches,65lbs,4x12,,First evening back in Breck
2025-03-14,Legs,abductors machine,abductors-machine,100lbs,4x12,,
2025-03-14,Abs,45deg oblique crunches,45deg-oblique-crunches,20lbs,4x10,,
2025-03-14,Legs,upright leg press (quads),,"R - 110lbs, L - 90lbs",3x10,,
2025-03-14,Abs,kb around the world,kb-around-the-world,26lbs,4x1min,,
2025-03-14,Legs,leg extension,,"R - 90lbs, L - 70lbs",3x10,,
2025-03-14,Legs,split squats (quads),,60lbs,3x8,,
2025-03-15,Arms,wrist db OH up,,12.5lbs,2x15,,
2025-03-15,Back,lat pulldown (medium),,120lbs,4x8,,
2025-03-15,Chest,db press,,90lbs,4x6,,
2025-03-15,Legs,tibialis raises,tibialis-raises,20lbs,2x15,,
2025-03-15,Shoulders,ext. rotation,,12.5lbs,2x15,,
2025-03-15,Abs,farmers carry (trap bar),,90lbs,"60s, 50s, 40s",,
2025-03-15,Arms,wrist db UH up,,25lbs,2x15,,
2025-03-15,Back,face pulls,face-pulls,65lbs,3x10,,
2025-03-15,Shoulders,90 90s,,10lbs,2x12,,
2025-03-15,Arms,db iso uni bicep curls,,20lbs,4x8,,
2025-03-15,Back,cable lat row (narrow),,100lbs,4x12,,
2025-03-15,Shoulders,upright row,upright-row,50lbs,3x10,,
2025-03-15,Arms,cable tri pushdown,,35lbs,3x12,,
2025-03-15,Back,cable lat row (wide),,100lbs,4x10,,
2025-03-15,Shoulders,lm rear delt row,,70lbs,4x8,,
2025-03-15,Arms,endless rope,endless-rope,,3x1min,,
2025-03-15,Shoulders,overhead press,overhead-press,75lbs,4x5,,
2025-03-15,Shoulders,egyptian lateral raise,,7.5lbs,4x10,,
2025-03-15,Shoulders,cable front raise,cable-front-raise,15lbs,4x8,,
2025-03-16,Arms,cable uni reverse curls,,12.5lbs,4x12,,
2025-03-16,Back,lat pulldown (wide),,120lbs,4x8,,
2025-03-16,Legs,glute drive,,100lbs,4x12,,
2025-03-16,Shoulders,egyptian lateral raise,,7.5lbs,4x12,,
2025-03-16,Abs,cybex leg raises,,10lbs,4x10,,
2025-03-16,More!,bosu sl squats,,"R-pistol, L-90deg","5,7,10",,
2025-03-16,Arms,cable uni bicep curls,,12.5lbs,"12,8,8,8",,
2025-03-16,Back,barbell row,barbell-row,100lbs,4x8,,
2025-03-16,Legs,seated hamstring curl,seated-hamstring-curl,85lbs,4x10,,
2025-03-16,Shoulders,upright row,upright-row,50lbs,4x10,,
2025-03-16,Abs,ab wheel,ab-wheel,,3x15,,
2025-03-16,More!,sl wall ball,sl-wall-ball,8lbs,4x10,,
2025-03-16,Back,face pulls,face-pulls,65lbs,4x10,,
2025-03-16,Legs,hip open/press,,30lbs,2x15,,
2025-03-16,Abs,trx v-ups,trx-v-ups,,4x12,,
2025-03-16,Back,shrugs,,100lbs,4x10,,
2025-03-16,Legs,adductor machine,,120lbs,4x10,,
2025-03-16,Abs,slam ball,,18lbs,4x12,,
2025-03-16,Legs,copenhagens,,e-1,2x12,,
2025-03-18,Arms,wrist db OH up,,15lbs,2x15,,lateral bench jumps felt better than ever before??
2025-03-18,Back,deadlift,deadlift,85kg,4x6,,lateral bench jumps felt better than ever before??
2025-03-18,Chest,bench,,100lbs,4x7,,lateral bench jumps felt better than ever before??
2025-03-18,Legs,tibialis raises,tibialis-raises,20lbs,2x15,,lateral bench jumps felt better than ever before??
2025-03-18,Shoulders,ext. rotation,,15lbs,2x10,,lateral bench jumps felt better than ever before??
2025-03-18,More!,bosu front jumps,,18lbs,1min,,lateral bench jumps felt better than ever before??
2025-03-18,Arms,wrist db UH up,,30lbs,2x10,,also bosu ball caused equal fatigue in both quads for the first time!!
2025-03-18,Chest,kneeling cable chest flys,,60lbs,4x8,,also bosu ball caused equal fatigue in both quads for the first time!!
2025-03-18,Legs,box squats,,135lbs,4x8,,also bosu ball caused equal fatigue in both quads for the first time!!
2025-03-18,Shoulders,90 90s,,10lbs,2x15,,also bosu ball caused equal fatigue in both quads for the first time!!
2025-03-18,More!,bosu lateral jumps,,18lbs,1min,,also bosu ball caused equal fatigue in both quads for the first time!!
2025-03-18,Arms,db tri extension,,45lbs,4x8,,also today is PRP so did a combined posterior chain + chest beforehand
2025-03-18,Legs,uni rdl,uni-rdl,60lbs,3x12,,also today is PRP so did a combined posterior chain + chest beforehand
2025-03-18,Shoulders,db rear delt fly,db-rear-delt-fly,40lbs,4x12,,also today is PRP so did a combined posterior chain + chest beforehand
2025-03-18,More!,lateral box jumps,lateral-box-jumps,bench,3x30s,,also today is PRP so did a combined posterior chain + chest beforehand
2025-03-18,Legs,seated calf raise,,105lbs,4x8,,
2025-03-18,More!,squat jumps,squat-jumps,18lbs,2x20s,,
2025-03-18,Legs,glute drive,,120lbs,4x8,,
2025-03-18,Legs,seated hamstring curl,seated-hamstring-curl,85lbs,4x12,,
2025-03-18,Legs,SM lengthened partials,sm-lengthened-partials,85lbs,5x10,,
2025-03-19,Arms,cable overhead tri extension,,25lbs,4x10,,right about 24hrs since PRP injection - feeling almost normal??
2025-03-19,Back,ghd back extension,ghd-back-extension,"10,15,15","12,15,15",,right about 24hrs since PRP injection - feeling almost normal??
2025-03-19,Legs,nordic curls,nordic-curls,eccentrics,"10,10,12",,right about 24hrs since PRP injection - feeling almost normal??
2025-03-19,Shoulders,chest supported rear delt row,,45lbs,3x10,,right about 24hrs since PRP injection - feeling almost normal??
2025-03-19,Arms,incline db curls,,17.5lbs,4x8,,trying out a bunch of new exercises since everything programmed was already done ahead of time
2025-03-19,Back,lat prayer,,35lbs,4x10,,trying out a bunch of new exercises since everything programmed was already done ahead of time
2025-03-19,Arms,cross body hammer curls,,20lbs,4x10,,
2025-03-19,Back,db pullover,,30lbs,4x10,,
2025-03-19,Arms,cable tricep kickback,,12.5lbs,4x10,,
2025-03-19,Back,cross body lat pullaround,,30lbs,4x10,,
2025-03-19,Arms,ez bar overhead extension,,32lbs,4x10,,
2025-03-20,Back,shrugs,,100lbs,4x12,,
2025-03-20,Chest,incline db press,,60lbs,4x10,,
2025-03-20,Shoulders,cross body cable lateral raise,,7.5lbs,"10,10,12,12",,
2025-03-20,Back,incline row machine,,25lbs,4x10,,
2025-03-20,Chest,low to high cable fly,,50lbs,4x8,,
2025-03-20,Shoulders,reverse cable fly,reverse-cable-fly,20lbs,4x8,,
2025-03-20,Back,cross body lat pullaround,,30lbs,3x12,,
2025-03-20,Chest,machine chest press,machine-chest-press,90lbs,4x8,,
2025-03-20,Shoulders,cable front raise,cable-front-raise,15lbs,4x8,,
2025-03-20,Chest,cable press around,,20lbs,4x8,,
2025-03-20,Shoulders,reverse pec deck,,50lbs,4x10,,
2025-03-21,Arms,spider curls,,17.lbs,4x10,,leg day on just right leg because prp restrictions
2025-03-21,Legs,abductors machine,abductors-machine,110lbs,4x8,,leg day on just right leg because prp restrictions
2025-03-21,Abs,deadbugs,,20lbs,4x8,,leg day on just right leg because prp restrictions
2025-03-21,Legs,leg extension - R,,90lbs,4x12,,
2025-03-21,Abs,turkish sit ups,turkish-sit-ups,12lbs,4x10,,
2025-03-21,Legs,squat press - R,,90lbs,8x10,,
2025-03-21,Abs,45deg oblique crunches,45deg-oblique-crunches,20lbs,4x12,,
2025-03-21,Legs,standing calf raise - R,,50lbs,4x12,,
2025-03-21,Abs,cable crunches,cable-crunches,72.5lbs,4x8,,
2025-03-21,Legs,split squats (quads) - R,,60lbs,4x10,,
2025-03-21,Abs,kb around the world,kb-around-the-world,30lbs,3x1min,,
2025-03-22,Arms,reverse curls,reverse-curls,42lbs,4x8,,
2025-03-22,Back,pullups,pullups,,"5x3, 2",,
2025-03-22,Legs,seated hamstring curl,seated-hamstring-curl,95lbs,4x10,,
2025-03-22,Shoulders,meadows row,meadows-row,70lbs,4x10,,
2025-03-22,Abs,farmers carry (trap bar),,90lbs,3x60s,,
2025-03-22,More!,neck extension,,15lbs,4x15,,
2025-03-22,Arms,incline db curls,,17.5lbs,"7,7,7,6",,
2025-03-22,Back,cross body lat pullaround,,35lbs,4x10,,
2025-03-22,Legs,seated calf raise,,105lbs,4x10,,
2025-03-22,More!,neck flexion,,8lbs,4x10,,
2025-03-22,Arms,preacher curls,preacher-curls,"17.5,15x3","5,15,11,20",,
2025-03-22,Back,one arm cable row,,40lbs,4x8,,
2025-03-22,Legs,copenhagens,,e-1,3x15,,
2025-03-22,Back,barbell row,barbell-row,100lbs,4x8,,
2025-03-22,Legs,nordic curls,nordic-curls,full rom,4x12,,
2025-03-22,Back,face pulls,face-pulls,65lbs,3x12,,
2025-03-22,Back,cable lat row (narrow),,110lbs,"6,8,8",,
2025-03-23,Arms,wrist db OH up,,17.5lbs,2x10,,keeping the lunges low effort & high rep because prp
2025-03-23,Chest,db press flat,,90lbs,4x8,,keeping the lunges low effort & high rep because prp
2025-03-23,Legs,tibialis raises,tibialis-raises,25lbs,2x10,,keeping the lunges low effort & high rep because prp
2025-03-23,Shoulders,ext. rotation,,15lbs,2x12,,keeping the lunges low effort & high rep because prp
2025-03-23,Abs,cable crunches,cable-crunches,72.5lbs,4x10,,keeping the lunges low effort & high rep because prp
2025-03-23,Arms,wrist db UH up,,30lbs,2x12,,
2025-03-23,Chest,low to high cable fly,,50lbs,4x10,,
2025-03-23,Legs,abductors machine,abductors-machine,130lbs,4x10,,
2025-03-23,Shoulders,90 90s,,15lbs,2x10,,
2025-03-23,Abs,cybex leg raises,,10lbs,4x12,,
2025-03-23,Arms,cable overhead tri extension,,25lbs,4x12,,
2025-03-23,Chest,decline knuckle pushups,decline-knuckle-pushups,bench,4x10,,
2025-03-23,Legs,glute drive,,200lbs,4x8,,
2025-03-23,Shoulders,overhead press,overhead-press,75lbs,4x5,,
2025-03-23,Abs,woodchoppers,woodchoppers,30lbs,4x10,,
2025-03-23,Arms,cable tricep kickback,,12.5lbs,"8,7,7,8",,
2025-03-23,Legs,elevated lunges,,50lbs,4x15,,
2025-03-23,Shoulders,cable lateral raise,cable-lateral-raise,10lbs,4x8,,
2025-03-23,Abs,slam ball,,18lbs,4x15,,
2025-03-23,Arms,skullcrushers,skullcrushers,32lbs,4x12,,
2025-03-23,Legs,standing calf raise,,50lbs,4x12,,
2025-03-23,Shoulders,cable front raise,cable-front-raise,15lbs,4x10,,
2025-03-23,Abs,kb around the world,kb-around-the-world,30lbs,4x1min,,
2025-03-23,Arms,endless rope,endless-rope,,4x1min,,
2025-03-23,Shoulders,reverse cable fly,reverse-cable-fly,20lbs,"8,8,9,10",,
2025-03-23,Arms,bayesian cable curls,bayesian-cable-curls,34lbs,"5x12,9,3,1",,
2025-03-23,Shoulders,db lateral raise,db-lateral-raise,10lbs,"5x15,11,10,4,3x3,4x2,3",,
2025-03-25,Arms,reverse curls,reverse-curls,42lbs,4x10,,dropped face pulls weight to correct form for full rom & more rear delts
2025-03-25,Back,pullups,pullups,,"4x3, 2",,dropped face pulls weight to correct form for full rom & more rear delts
2025-03-25,Legs,copenhagens,,e-2,"10,12,12",,dropped face pulls weight to correct form for full rom & more rear delts
2025-03-25,Shoulders,meadows row,meadows-row,70lbs,4x12,,dropped face pulls weight to correct form for full rom & more rear delts
2025-03-25,Arms,incline db curls,,17.5lbs,"10,9,8,8",,using straps for meadows rows have it progressing again!
2025-03-25,Back,shrugs,,110lbs,4x8,,using straps for meadows rows have it progressing again!
2025-03-25,Shoulders,cable lateral raise,cable-lateral-raise,10lbs,3x8,,using straps for meadows rows have it progressing again!
2025-03-25,Arms,preacher curls,preacher-curls,17.5lbs,"8,10,10,11",,
2025-03-25,Back,face pulls,face-pulls,57.5lbs,4x8,,
2025-03-26,Back,deadlift,deadlift,85kg,4x7,,either hamstrings aren't recovered or the deadlift effort zapped me?
2025-03-26,Legs,uni rdl,uni-rdl,60lbs,3x15,,either hamstrings aren't recovered or the deadlift effort zapped me?
2025-03-26,Shoulders,ext. rotation,,15lbs,2x12,,either hamstrings aren't recovered or the deadlift effort zapped me?
2025-03-26,Back,ghd back extension,ghd-back-extension,15lbs,3x15,,
2025-03-26,Legs,box squats,,135lbs,4x8,,
2025-03-26,Shoulders,90 90s,,15lbs,2x10,,
2025-03-26,Legs,seated calf raise,,105lbs,4x12,,
2025-03-26,Legs,glute drive,,200lbs,4x10,,
2025-03-26,Legs,seated hamstring curl,seated-hamstring-curl,95lbs,4x10,,
2025-03-26,Legs,abductors machine,abductors-machine,140lbs,4x10,,
2025-03-26,Legs,nordic curls,nordic-curls,full rom,3x12,,
2025-03-26,Legs,tibialis raises,tibialis-raises,25lbs,2x12,,
2025-03-27,Arms,cable overhead tri extension,,30lbs,4x8,,
2025-03-27,Chest,low to high cable fly,,50lbs,4x12,,
2025-03-27,Shoulders,db rear delt fly,db-rear-delt-fly,45lbs,4x8,,
2025-03-27,Arms,cable tricep kickback,,10lbs,"10,9,7,9",,
2025-03-27,Chest,bench,,100lbs,"8,7,6,6",,
2025-03-27,Shoulders,reverse cable fly,reverse-cable-fly,,"10,8,9,8",,
2025-03-27,Arms,endless rope,endless-rope,,4x90s,,
2025-03-27,Chest,high to low chest flys,,60lbs,4x12,,
2025-03-27,Chest,machine chest press,machine-chest-press,90lbs,"5x10,7",,
2025-03-27,Chest,decline knuckle pushups,decline-knuckle-pushups,bench,"12,9,9,8",,
2025-03-28,Back,single pullups,,,4,,
2025-03-28,Legs,squat,,100lbs,4x10,,
2025-03-28,Shoulders,ext. rotation,,15lbs,2x15,,
2025-03-28,Abs,cable crunches,cable-crunches,72.5lbs,4x12,,
2025-03-28,Legs,adductor machine,,120lbs,4x12,,
2025-03-28,Shoulders,90 90s,,15lbs,2x10,,
2025-03-28,Abs,cybex leg raises,,12.5lbs,4x10,,
2025-03-28,Legs,upright leg press (quads),,"R - 110lbs, L - 80lbs",5x10,,
2025-03-28,Abs,woodchoppers,woodchoppers,30lbs,4x12,,
2025-03-28,Legs,leg extension,,"R - 100lbs, L - 70lbs","8,8,8R10L,10",,
2025-03-28,Legs,standing calf raise,,55lbs,4x10,,
2025-03-28,Legs,split squats (quads),,60lbs,4x10,,
2025-03-28,Legs,SM lengthened partials,sm-lengthened-partials,"95x4,90,80,90x4","7,8,8,7,7,8,8,6,5,5",,
2024-03-29,Back,pullups,pullups,,"4x3, 1",,
2024-03-29,Abs,farmers carry (trap bar),,110lbs,"50s,40s,40s",,
2024-03-29,Back,cross body lat pullaround,,35lbs,4x12,,
2024-03-29,Back,one arm cable row,,40lbs,"10,10,12,12",,
2024-03-29,Back,barbell row,barbell-row,100lbs,"10,10,8,10",,
2024-03-29,Back,cable lat row (narrow),,110lbs,"8,8,6,8",,
2025-03-30,Arms,reverse curls,reverse-curls,42lbs,4x12,,
2025-03-30,Back,ghd back extension,ghd-back-extension,20lbs,3x15,,
2025-03-30,Chest,db press (flat),,95lbs,"7,6,7,5",,
2025-03-30,Legs,stiff legged deadlift,stiff-legged-deadlift,100lbs,"8,10,10,10",,
2025-03-30,Shoulders,db shoulder press,db-shoulder-press,60lbs,3x8,,
2025-03-30,Abs,slam ball,,20lbs,4x10,,
2025-03-30,More!,bosu front jumps,,20lbs,1min,,
2025-03-30,Arms,skullcrushers,skullcrushers,42lbs,"5x12,12,9,5",,
2025-03-30,Back,lat pulldown (wide),,100lbs,3x10,,
2025-03-30,Chest,sm incline press,sm-incline-press,70lbs,"8,7,7,6,5",,
2025-03-30,Legs,elevated lunges,,65lbs,4x10,,
2025-03-30,Shoulders,cable lateral raise,cable-lateral-raise,10lbs,"8,8,7,5",,
2025-03-30,Abs,kb around the world,kb-around-the-world,35lbs,4x1min,,
2025-03-30,More!,bosu lateral jumps,,20lbs,1min,,
2025-03-30,Arms,bayesian cable curls,bayesian-cable-curls,40lbs,"5x10,5,3,1",,
2025-03-30,Chest,decline knuckle pushups,decline-knuckle-pushups,bench,"12,12,10,12",,
2025-03-30,Legs,standing calf raise,,55lbs,4x12,,
2025-03-30,Shoulders,db lateral raise,db-lateral-raise,30lbs,3x10,,
2025-03-30,More!,lateral box jumps,lateral-box-jumps,bench,2x30s,,
2025-03-30,Arms,endless rope,endless-rope,,4x90s,,
2025-03-30,Legs,nordic curls,nordic-curls,full rom,4x15,,
2025-03-30,Shoulders,meadows row,meadows-row,80lbs,4x10,,
2025-03-30,More!,neck extension,,20lbs,"12,15,12,12",,
2025-03-30,Arms,ez bar wrist db OH up,,27lbs,2x10,,
2025-03-30,Legs,tibialis raises,tibialis-raises,25lbs,"15R10L,10R6L",,
2025-03-30,Shoulders,ext. rotation,,10lbs,2x15,,
2025-03-30,More!,neck flexion,,12.5lbs,4x10,,
2025-03-30,Arms,wrist db UH up,,30lbs,2x12,,
2025-03-30,Shoulders,90 90s,,10lbs,2x15,,
2025-03-30,Shoulders,reverse cable fly,reverse-cable-fly,20lbs,3x10,,
2025-03-30,Shoulders,cable front raise,cable-front-raise,15lbs,3x12,,
2025-03-30,Shoulders,db lateral raise,db-lateral-raise,15lbs,3x10,,
2025-04-01,Arms,reverse curls,reverse-curls,47lbs,4x10,,
2025-04-01,Back,pullups,pullups,,"3,4,3,3,2",,
2025-04-01,Shoulders,reverse cable fly,reverse-cable-fly,20lbs,3x12,,
2025-04-01,Abs,cable crunches,cable-crunches,72.5lbs,4x12,,
2025-04-01,More!,copenhagens,,,2x15,,
2025-04-01,Arms,incline db curls,,17.5lbs,"12,12,10,9.5",,
2025-04-01,Back,shrugs,,110lbs,4x10,,
2025-04-01,Shoulders,db lateral raise,db-lateral-raise,30lbs,"10,12,12",,
2025-04-01,Abs,cybex leg raises,,12.5lbs,"12,12,10,10",,
2025-04-01,Back,face pulls,face-pulls,57.5lbs,"10,12,12,12",,
2025-04-01,Abs,woodchoppers,woodchoppers,35lbs,4x10,,
2025-04-02,Arms,wrist db OH up,,17.5lbs,2x12,,deadlift form was much better than last week with 7s! focused on pulling up with whole body with leg push
2025-04-02,Back,deadlift,deadlift,85kg,4x8,,deadlift form was much better than last week with 7s! focused on pulling up with whole body with leg push
2025-04-02,Legs,tibialis raises,tibialis-raises,25lbs,2x10,,deadlift form was much better than last week with 7s! focused on pulling up with whole body with leg push
2025-04-02,Shoulders,ext. rotation,,10lbs,2x15,,deadlift form was much better than last week with 7s! focused on pulling up with whole body with leg push
2025-04-02,Arms,wrist db UH up,,30lbs,2x15,,
2025-04-02,Legs,abductors machine,abductors-machine,140lbs,4x12,,
2025-04-02,Legs,seated calf raise,,90lbs,"22,20",,
2025-04-02,Legs,box squats,,135lbs,4x10,,
2025-04-02,Legs,glute drive,,200lbs,4x12,,
2025-04-02,Legs,seated hamstring curl,seated-hamstring-curl,95lbs,4x12,,
2025-04-03,Arms,cable overhead tri extension,,30lbs,"9,10,8,10",,
2025-04-03,Chest,bench,,105lbs,"6,5,6,6",,
2025-04-03,Shoulders,db shoulder press,db-shoulder-press,60lbs,6,,
2025-04-03,Arms,cable tricep kickback,,10lbs,"10,8,9,8",,
2025-04-03,Chest,low to high cable fly,,60lbs,"3x10,9",,
2025-04-03,Shoulders,reverse cable fly,reverse-cable-fly,30lbs,"10,9,8,8",,
2025-04-03,Arms,endless rope,endless-rope,,"90s, 2x2min",,
2025-04-03,Chest,high to low chest flys,,70lbs,"7,10,7,8",,
2025-04-03,Shoulders,db rear delt fly,db-rear-delt-fly,45lbs,"10,12,10,12",,
2025-04-03,Chest,machine chest press,machine-chest-press,"90,100,110,2x120","10,9,8,5,6",,
2025-04-03,Chest,bb incline press,,75lbs,"8,7,7,8",,
2025-04-03,Chest,decline knuckle pushups,decline-knuckle-pushups,,12,,
2025-04-04,Arms,wrist db OH up,,17.5lbs,2x12,,
2025-04-04,Legs,squat,,105lbs,4x10,,
2025-04-04,Shoulders,ext. rotation,,10lbs,2x15,,
2025-04-04,Abs,woodchoppers,woodchoppers,35lbs,3x12,,
2025-04-04,Arms,wrist db UH up,,25lbs,2x20,,
2025-04-04,Legs,adductor machine,,130lbs,"3x10,12",,
2025-04-04,Abs,kb around the world,kb-around-the-world,35lbs,3x90s,,
2025-04-04,Legs,leg extension - R,,100lbs,4x10,,
2025-04-04,Legs,leg extension - L,,40lbs,"20,17,20,20",,
2025-04-04,Legs,upright leg press (quads) - R,,"110,3x100","10,12,15,15",,
2025-04-04,Legs,upright leg press (quads) - L,,80lbs,"15,12,15,15",,
2025-04-04,Legs,standing calf raise,,45lbs,3x20,,
2025-04-04,Legs,split squats (quads) - R,,"60,3x70","15,3x12",,
2025-04-04,Legs,tibialis raises,tibialis-raises,20lbs,2x17,,
2025-04-04,Legs,front squat,front-squat,"3x95,105,3x95","3x6,5,3x6",,
2025-04-05,Arms,reverse curls,reverse-curls,47lbs,4x12,,
2025-04-05,Back,lat pulldown (wide),,120lbs,4x8,,
2025-04-05,Legs,stiff legged deadlift,stiff-legged-deadlift,100lbs,4x12,,
2025-04-05,Shoulders,meadows row,meadows-row,80lbs,4x12,,
2025-04-05,Abs,farmers carry (trap bar),,110lbs,3x50s,,
2025-04-05,Arms,preacher curls,preacher-curls,17.5lbs,"12,12,11,12",,
2025-04-05,Back,cross body lat pullaround,,42.5lbs,4x10,,
2025-04-05,Legs,good morning,good-morning,90lbs,"10,12,12,12",,
2025-04-05,Arms,bayesian cable curls,bayesian-cable-curls,40lbs,"9,8,8,8,8",,
2025-04-05,Back,barbell row,barbell-row,100lbs,"10,11,9,11",,
2025-04-05,Legs,nordic curls,nordic-curls,10lbs,"10,12,12,12",,
2025-04-05,Back,cable lat row (narrow),,105lbs,4x10,,
2025-04-05,Back,ghd back extension,ghd-back-extension,25lbs,3x15,,
2025-04-05,Back,pullups,pullups,,2,,
2025-04-06,Arms,wrist db OH up,,17.5lbs,2x12,,
2025-04-06,Chest,db press (flat),,100lbs,"5,6,5,5",,
2025-04-06,Legs,tibialis raises,tibialis-raises,20lbs,2x20,,
2025-04-06,Shoulders,ext. rotation,,10lbs,2x15,,
2025-04-06,Abs,slam ball,,20lbs,4x10,,
2025-04-06,More!,split jumps,split-jumps,20lbs,2x10,,
2025-04-06,Arms,wrist db UH up,,25lbs,"25,20",,
2025-04-06,Chest,sm incline press,sm-incline-press,50lbs,"10,10,8,8",,
2025-04-06,Legs,elevated lunges,,85lbs,4x8,,
2025-04-06,Shoulders,db shoulder press,db-shoulder-press,"60,3x70","10,3x6",,
2025-04-06,Abs,kb around the world,kb-around-the-world,35lbs,4x90s,,
2025-04-06,More!,squat jumps,squat-jumps,20lbs,2x15,,
2025-04-06,Arms,skullcrushers,skullcrushers,52lbs,4x10,,
2025-04-06,Legs,standing calf raise,,45lbs,3x20,,
2025-04-06,Shoulders,db lateral raise,db-lateral-raise,30lbs,4x12,,
2025-04-06,More!,box drop+jump,,box,2x10,,
2025-04-06,Shoulders,cable front raise,cable-front-raise,20lbs,4x8,,
2025-04-06,More!,ankle plate hops,,around,2x,,
2025-04-06,Shoulders,super rom reverse cable fly,,20lbs,"12,12,10,10",,
2025-04-08,Arms,reverse curls,reverse-curls,52lbs,"8,10,10,10",,
2025-04-08,Back,deadlift,deadlift,200lbs,4x5,,
2025-04-08,Shoulders,super rom reverse cable fly,,20lbs,4x12,,
2025-04-08,Abs,cable crunches,cable-crunches,72.5lbs,"12,12,10,10",,
2025-04-08,Arms,incline db curls,,17.5lbs,4x12,,
2025-04-08,Back,shrugs,,110lbs,4x11,,
2025-04-08,Shoulders,db lateral raise,db-lateral-raise,35lbs,3x8,,
2025-04-08,Back,face pulls,face-pulls,57.5lbs,4x12,,
2025-04-08,Back,close grip chin ups,,100lbs,4x8,,
2025-04-09,Arms,wrist db OH up,,17.5lbs,2x12,,
2025-04-09,Back,pullups,pullups,,4x3,,
2025-04-09,Legs,tibialis raises,tibialis-raises,20lbs,"20,15",,
2025-04-09,Shoulders,ext. rotation,,10lbs,2x15,,
2025-04-09,Abs,cybex leg raises,,12.5lbs,4x12,,
2025-04-09,Arms,wrist db UH up,,25lbs,2x20,,
2025-04-09,Legs,abductors machine,abductors-machine,145lbs,4x8,,
2025-04-09,Shoulders,db lateral raise,db-lateral-raise,35lbs,3x10,,
2025-04-09,Legs,box squats,,135lbs,"12,11,12,12",,
2025-04-09,Legs,glute drive,,210lbs,4x8,,
2025-04-09,Legs,seated calf raise,,90lbs,"21,20,20",,
2025-04-09,Legs,seated hamstring curl,seated-hamstring-curl,110lbs,"8,8,10,9",,
2025-04-10,Arms,cable overhead tri extension,,30lbs,4x12,,
2025-04-10,Chest,bench,,105lbs,"6,6,7,7",,
2025-04-10,Shoulders,db rear delt fly,db-rear-delt-fly,45lbs,4x12,,
2025-04-10,Abs,woodchoppers,woodchoppers,42.5lbs,4x8,,
2025-04-10,Arms,skullcrushers,skullcrushers,52lbs,4x12,,
2025-04-10,Chest,low to high cable fly,,60lbs,"11,12,11,10",,
2025-04-10,Shoulders,super rom reverse cable fly,,20lbs,4x12,,
2025-04-10,Arms,endless rope,endless-rope,,2x2min,,
2025-04-10,Chest,high to low chest flys,,70lbs,"8,12,8,9",,
2025-04-10,Chest,machine chest press,machine-chest-press,120lbs,"6,4,6,3",,
2025-04-10,Chest,sm incline press,sm-incline-press,"3x50,60","12,8,8,6,8",,
2025-04-11,Arms,wrist db OH up,,17.5lbs,3x12,,
2025-04-11,Legs,upright leg press (quads) - R,,110lbs,4x12,,
2025-04-11,Shoulders,ext. rotation,,10lbs,2x12,,
2025-04-11,Abs,kb around the world,kb-around-the-world,35lbs,4x90s,,
2025-04-11,Arms,wrist db UH up,,25lbs,3x20,,
2025-04-11,Legs,upright leg press (quads) - L,,"80,3x90",4x12,,
2025-04-11,Legs,leg extension - R,,100lbs,"10,12,10,12",,
2025-04-11,Legs,leg extension - L,,50lbs,4x15,,
2025-04-11,Legs,adductor machine,,130lbs,4x12,,
2025-04-11,Legs,standing calf raise,,45lbs,3x22,,
2025-04-11,Legs,stairmaster,,60lbs,6min@40spm,,
2025-04-11,Legs,tibialis raises,tibialis-raises,20lbs,2x20,,
2025-04-11,Legs,front squats,,95lbs,6,,
2025-04-12,Arms,reverse curls,reverse-curls,52lbs,"12,10,8,8",,
2025-04-12,Back,lat pulldown (wide),,125lbs,4x6,,
2025-04-12,Legs,stiff legged deadlift,stiff-legged-deadlift,110lbs,4x12,,
2025-04-12,Shoulders,meadows row,meadows-row,90lbs,4x8,,
2025-04-12,Abs,cable crunches,cable-crunches,72.5lbs,4x12,,
2025-04-12,More!,neck extension,,10lbs,"15,12,12,12",,
2025-04-12,Arms,preacher curls,preacher-curls,20lbs,"3x8, 10",,
2025-04-12,Back,cross body lat pullaround,,42.5lbs,4x12,,
2025-04-12,Legs,good morning,good-morning,100lbs,"10,3x12",,
2025-04-12,More!,neck flexion,,10lbs,"15,12,12,15",,
2025-04-12,Arms,bayesian cable curls,bayesian-cable-curls,40lbs,"10,7,7,6,7",,
2025-04-12,Back,barbell row,barbell-row,"100,3x88","10,3x12",,
2025-04-12,Legs,nordic curls,nordic-curls,10lbs,3x15,,
2025-04-12,Arms,endless rope,endless-rope,,2x2min,,
2025-04-12,Back,cable lat row (narrow),,105lbs,4x12,,
2025-04-12,Arms,farmers carry (trap bar),,110lbs,3x30s,,
2025-04-12,Back,ghd back extension,ghd-back-extension,"20,2x15",3x20,,
2025-04-12,Back,pullups,pullups,,"4,4,2,4,4,3",,
2025-04-13,Arms,wrist db OH up,,17.5lbs,2x10,,
2025-04-13,Chest,db press (flat),,100lbs,4x6,,
2025-04-13,Legs,tibialis raises,tibialis-raises,20lbs,2x15,,
2025-04-13,Shoulders,ext. rotation,,10lbs,2x15,,
2025-04-13,Abs,kb around the world,kb-around-the-world,35lbs,2x90s,,
2025-04-13,More!,cross circle jumps,cross-circle-jumps,,3x5,,
2025-04-13,Arms,wrist db UH up,,25lbs,2x20,,
2025-04-13,Chest,sm incline press,sm-incline-press,"60,3x70","10,3x8",,
2025-04-13,Legs,elevated reverse lunges,,75lbs,4x10,,
2025-04-13,Shoulders,db shoulder press,db-shoulder-press,70lbs,"7,3x8",,
2025-04-13,Abs,slam ball,,20lbs,4x15,,
2025-04-13,More!,box drop+jump,,box,2x10,,
2025-04-13,Arms,skullcrushers,skullcrushers,52lbs,4x12,,
2025-04-13,Legs,standing calf raise,,45lbs,3x20,,
2025-04-13,Shoulders,db lateral raise,db-lateral-raise,35lbs,4x10,,
2025-04-13,More!,sled,,540lbs,6,,
2025-04-13,Legs,sm lengthened partials,sm-lengthened-partials,"70,3x90","10,8,3x10",,
2025-04-13,Shoulders,cable front raise,cable-front-raise,20lbs,"2x10,2x8",,
2025-04-13,Legs,sissy squats,,,"7,6,8",,
2025-04-13,Shoulders,super rom reverse cable fly,,20lbs,"12,3x11",,
2025-04-15,Arms,reverse curls,reverse-curls,"2x52, 3x42","12,10,3x12",,
2025-04-15,Back,deadlift,deadlift,200lbs,"8,8,6,5",,
2025-04-15,Shoulders,super rom reverse cable fly,,20lbs,4x12,,
2025-04-15,Abs,cable crunches,cable-crunches,80lbs,4x8,,
2025-04-15,Arms,incline db curls,,20lbs,"10,10,8,8",,
2025-04-15,Back,shrugs,,115lbs,4x10,,
2025-04-15,Shoulders,db lateral raise,db-lateral-raise,35lbs,"12,8,10",,
2025-04-15,Back,face pulls,face-pulls,65lbs,"8,10,9,10",,
2025-04-15,Back,close grip chin ups,,100lbs,"12,12,9,10",,
2025-04-16,Arms,wrist db OH up,,17.5lbs,2x10,,
2025-04-16,Back,pullups,pullups,,"4,3,4,4",,
2025-04-16,Legs,tibialis raises,tibialis-raises,20lbs,"20,17",,
2025-04-16,Shoulders,ext. rotation,,5lbs,2x10,,
2025-04-16,Abs,cybex leg raises,,15lbs,4x8,,
2025-04-16,Arms,wrist db UH up,,"20,25","25,20",,
2025-04-16,Legs,abductors machine,abductors-machine,"2x145,155,165","2x12,12,10",,
2025-04-16,Shoulders,db lateral raise,db-lateral-raise,35lbs,3x12,,
2025-04-16,Legs,box squats,,145lbs,4x10,,
2025-04-16,Legs,sl box squats,,,"10,12,15",,
2025-04-16,Legs,seated calf raise,,90lbs,3x25,,
2025-04-16,Legs,glute drive,,210lbs,"3x10,12",,
2025-04-16,Legs,seated hamstring curl,seated-hamstring-curl,110lbs,"10,8,10,10",,
2025-04-17,Arms,cable overhead tri extension,,35lbs,"10,9,9,8",,
2025-04-17,Chest,bench,,"2x105,110,115","2x8,7,5",,
2025-04-17,Shoulders,db rear delt fly,db-rear-delt-fly,50lbs,4x10,,
2025-04-17,Abs,woodchoppers,woodchoppers,42.5lbs,3x10,,
2025-04-17,Arms,skullcrushers,skullcrushers,57lbs,"9,10,9,10",,
2025-04-17,Chest,low to high cable fly,,60lbs,"10,11,10,10",,
2025-04-17,Shoulders,super rom reverse cable fly,,26lbs,4x12,,
2025-04-17,Arms,endless rope,endless-rope,,3x2min,,
2025-04-17,Chest,high to low chest flys,,70lbs,4x11,,
2025-04-17,Chest,machine chest press,machine-chest-press,"90,120,2x110","10,5,7,6",,
2025-04-17,Chest,sm incline press,sm-incline-press,70lbs,"8,8,7,7,6",,
2025-04-17,Chest,pushups,,,"10,9,10,9",,
2025-04-18,Legs,leg extension - R,,"100,110,120","8,2x12,5",,
2025-04-18,Abs,kb around the world,kb-around-the-world,40lbs,4x1min,,
2025-04-18,More!,ext. rotation,,5lbs,2x15,,
2025-04-18,Legs,leg extension - L,,"55,60,70,90","2x12,15,10",,
2025-04-18,More!,wrist db OH up,,17.5lbs,"2x10,8",,
2025-04-18,Legs,adductor machine,,140lbs,4x10,,
2025-04-18,More!,wrist db UH up,,25lbs,"25,12",,
2025-04-18,Legs,back squat,back-squat,"2x115,2x135","2x8,2x5",,
2025-04-18,More!,tibialis raises,tibialis-raises,20lbs,2x20,,
2025-04-18,Legs,lying leg press - R,,"90,3x80",4x10,,
2025-04-18,More!,sled,,360lbs,"6,2x4",,
2025-04-18,Legs,lying leg press - L,,"2x70,2x80",4x10,,
2025-04-18,Legs,standing calf raise,,45lbs,"20,22,20",,
2025-04-18,Legs,split squats (quads),,70lbs,3x10,,
2025-04-19,Back,pullups,pullups,,"5,4,5,4,3",,
2025-04-19,Legs,sissy squats,,,"5,7,8",,
2025-04-19,Abs,farmers carry,,90lbs,3x2,,
2025-04-19,More!,run,,,pyramid 1/2/4/2/1,,
2025-04-20,Arms,reverse curls,reverse-curls,47lbs,4x12,,
2025-04-20,Back,single arm pulldown,single-arm-pulldown,27.5lbs,3x15,,
2025-04-20,Chest,db press (flat),,100lbs,"8,8,7,7",,
2025-04-20,Legs,good morning,good-morning,110lbs,4x8,,
2025-04-20,Shoulders,db shoulder press,db-shoulder-press,70lbs,"8,8,7,6",,
2025-04-20,Abs,kb around the world,kb-around-the-world,45lbs,4x45s,,
2025-04-20,Arms,skullcrushers,skullcrushers,57lbs,4x12,,
2025-04-20,Back,lat pulldown (wide),,"2x120,2x100","2x6,2x10",,
2025-04-20,Chest,sm incline press,sm-incline-press,70lbs,"9,8,8,8",,
2025-04-20,Legs,elevated reverse lunges,,75lbs,4x12,,
2025-04-20,Shoulders,db lateral raise,db-lateral-raise,40lbs,4x8,,
2025-04-20,Arms,bayesian cable curls,bayesian-cable-curls,40lbs,5x12,,
2025-04-20,Back,cross body lat pullaround,,42.5lbs,4x12,,
2025-04-20,Chest,decline knuckle pushups,decline-knuckle-pushups,bench,"15,12,10,13",,
2025-04-20,Legs,standing calf raise,,45lbs,"25,22,20",,
2025-04-20,Shoulders,meadows row,meadows-row,90lbs,4x10,,
2025-04-20,Arms,endless rope,endless-rope,,2x2:30,,
2025-04-20,Back,barbell row,barbell-row,"2x100, 2x88","10,8,2x12",,
2025-04-20,Legs,nordic curls,nordic-curls,15lbs,3x12,,
2025-04-20,Back,ghd back extension,ghd-back-extension,15lbs,"2x20,22",,
2025-04-20,Legs,sm lengthened partials,sm-lengthened-partials,90lbs,5x10,,
2025-04-20,Legs,sissy squats,,,3x10,,
2025-04-21,More!,run,,,3 miles easy,,
2025-04-22,Arms,reverse curls,reverse-curls,47lbs,4x12,,
2025-04-22,Back,deadlift,deadlift,"200,3x210","8,6,5,4",,
2025-04-22,Shoulders,super rom reverse cable fly,,30lbs,3x10,,
2025-04-22,Abs,cable crunches,cable-crunches,80lbs,"2x10,2x8",,
2025-04-22,More!,run,,,3x5t1e,,
2025-04-22,Arms,incline db curls,,20lbs,4x8,,
2025-04-22,Back,shrugs,,110lbs,4x12,,
2025-04-22,Back,face pulls,face-pulls,65lbs,4x10,,
2025-04-22,Back,single arm cable row,single-arm-cable-row,"3x42.5,2x50",5x10,,
2025-04-22,Back,chest supported row,chest-supported-row,50lbs,4x8,,
2025-04-22,Back,single arm pulldown,single-arm-pulldown,50lbs,"2x10,2x8",,
2025-04-22,Back,narrow neutral pulldown,,100lbs,"2x10,2x8",,
2025-04-23,Back,pullups,pullups,,"5,4,3,4",,
2025-04-23,Legs,box squats,,"145,4x155","10,4x8",,
2025-04-23,Shoulders,db lateral raise,db-lateral-raise,40lbs,"2x10,2x8",,
2025-04-23,Abs,cybex leg raises,,15lbs,4x10,,
2025-04-23,More!,ext. rotation,,5lbs,2x15,,
2025-04-23,Legs,sl box squats,,,"10,2x15",,
2025-04-23,More!,wrist db OH up,,17.5lbs,3x10,,
2025-04-23,Legs,abductors machine,abductors-machine,165lbs,4x10,,
2025-04-23,More!,wrist db UH up,,25lbs,2x25,,
2025-04-23,Legs,seated hamstring curl,seated-hamstring-curl,110lbs,4x12,,
2025-04-23,More!,tibialis raises,tibialis-raises,20lbs,"20,17",,
2025-04-23,Legs,glute drive,,230lbs,"3x8,10",,
2025-04-23,Legs,seated calf raise,,100lbs,"21,2x20",,
2025-04-24,Arms,cable overhead tri extension,,35lbs,"12,11,8,8",,
2025-04-24,Chest,bench,,115lbs,"6,4,3,3",,
2025-04-24,Shoulders,db rear delt fly,db-rear-delt-fly,50lbs,4x12,,
2025-04-24,Abs,woodchoppers,woodchoppers,42.5lbs,3x12,,
2025-04-24,More!,lm curtsy lunge w/ knee drive,lm-curtsy-lunge-w-knee-drive,10lbs,3x10,,
2025-04-24,Arms,skullcrushers,skullcrushers,62lbs,4x10,,
2025-04-24,Chest,low to high cable fly,,30lbs,4x12,,
2025-04-24,Shoulders,super rom reverse cable fly,,30lbs,"2x12,2x10",,
2025-04-24,More!,lm split clean & jerk,lm-split-clean-jerk,,3x10,,
2025-04-24,Arms,endless rope,endless-rope,,3x2min,,
2025-04-24,Chest,sm incline press,sm-incline-press,80lbs,"7,6,6,7",,
2025-04-24,Chest,machine chest press,machine-chest-press,110lbs,4x8,,
2025-04-24,Chest,deficit pushups,deficit-pushups,,"12,10,11",,
2025-04-25,Legs,back squat,back-squat,135lbs,"2x6,2x5",,"session 1 - left leg felt fresher than right, especially by the time I got to split squats!"
2025-04-25,Shoulders,db lateral raise,db-lateral-raise,40lbs,"8,10,12",,"session 1 - left leg felt fresher than right, especially by the time I got to split squats!"
2025-04-25,Abs,kb around the world,kb-around-the-world,45lbs,3x1min,,"session 1 - left leg felt fresher than right, especially by the time I got to split squats!"
2025-04-25,More!,stairclimber,stairclimber,60lbs,3min,,"session 1 - left leg felt fresher than right, especially by the time I got to split squats!"
2025-04-25,Legs,adductor machine,,140lbs,4x12,,"session 2 - after conditioning, went to front squats - knee is WAY to achey. but it felt GREAT for session 1"
2025-04-25,Abs,sled,,,3x1,,"session 2 - after conditioning, went to front squats - knee is WAY to achey. but it felt GREAT for session 1"
2025-04-25,Legs,lying uni leg press,lying-uni-leg-press,80lbs,"10,3x12",,
2025-04-25,Abs,run,,,5x2h1e,,
2025-04-25,Legs,uni leg extension,uni-leg-extension,"L-70lbs,R-100lbs","L-2x10,15,R-3x10",,
2025-04-25,Legs,lm hack squat,,25kg,4x12,,
2025-04-25,Legs,standing calf raise,,45lbs,3x25,,
2025-04-25,Legs,split squats (quads) - L,,70lbs,3x12,,
2025-04-25,Legs,sissy squats,,,5,,
2025-04-26,Arms,reverse curls,reverse-curls,47lbs,4x12,,farmers carry weight was WAY too easy
2025-04-26,Back,lat prayer,,35lbs,3x10,,farmers carry weight was WAY too easy
2025-04-26,Legs,stiff legged deadlift,stiff-legged-deadlift,120lbs,"8,2x10,12",,farmers carry weight was WAY too easy
2025-04-26,Shoulders,meadows row,meadows-row,90lbs,4x12,,farmers carry weight was WAY too easy
2025-04-26,Abs,cable crunches,cable-crunches,80lbs,"2x11,9,8",,farmers carry weight was WAY too easy
2025-04-26,More!,ext. rotation,,5lbs,3x15,,farmers carry weight was WAY too easy
2025-04-26,Arms,preacher curls,preacher-curls,20lbs,"8,9,8,8",,
2025-04-26,Back,cross body lat pullaround,,50lbs,4x8,,
2025-04-26,Legs,good morning,good-morning,110lbs,4x12,,
2025-04-26,Abs,farmers carry,,50lbs,3xturf,,
2025-04-26,More!,turf speed/cutting,,,"skips, box, M",,
2025-04-26,Arms,bayesian cable curls,bayesian-cable-curls,"46,4x40","6,9,8,7,8",,
2025-04-26,Back,barbell row,barbell-row,"88,3x93","12,3x10",,
2025-04-26,Legs,nordic curls,nordic-curls,15lbs,"11,10,11",,
2025-04-26,Arms,endless rope,endless-rope,,3x2min,,
2025-04-26,Back,kneeling single arm pulldown,,50lbs,4x9,,
2025-04-26,Back,narrow cable lat row,,110lbs,"2x9,2x8",,
2025-04-26,Back,chest supported row,chest-supported-row,50lbs,"2x10,2x8",,
2025-04-26,Back,ghd back extension,ghd-back-extension,15lbs,3x25,,
2025-04-26,Back,pullups,pullups,,4x4,,
2025-04-27,Arms,skullcrushers,skullcrushers,62lbs,"2x12,11,10",,
2025-04-27,Back,various pullups,,,total 15,,
2025-04-27,Chest,flat db press,,100lbs,"3x8,7",,
2025-04-27,Legs,standing calf raise,,50lbs,3x22,,
2025-04-27,Shoulders,db shoulder press,db-shoulder-press,70lbs,4x8,,
2025-04-27,More!,ext. rotation,,7.5lbs,2x15,,
2025-04-27,Chest,sm incline press,sm-incline-press,70lbs,"3x8,7",,
2025-04-27,Shoulders,db lateral raise,db-lateral-raise,40lbs,"12,10,2x8",,
2025-04-27,More!,wrist db OH up,,17.5lbs,2x12,,
2025-04-27,Chest,decline knuckle pushups,decline-knuckle-pushups,bench,"15,2x10",,
2025-04-27,Shoulders,cable front raise,cable-front-raise,20lbs,4x10,,
2025-04-27,More!,wrist db UH up,,"L-25lbs,R-30lbs",2x12,,
2025-04-27,Shoulders,super rom reverse cable fly,,30lbs,4x12,,
2025-04-27,More!,tibialis raises,tibialis-raises,20lbs,"R-25,22,L-22,15",,
2025-04-27,More!,cossack squats,cossack-squats,,2x15,,plyos felt great! cossack squats are awesome to warm up the knee!!
2025-04-27,More!,deficit sprinter start skips,deficit-sprinter-start-skips,gray platform,3x10,,I feel athletic today :)
2025-04-27,More!,box jumps,box-jumps,bench,3x10,,
2025-04-28,Legs,elevated reverse lunges,,85lbs,4x8,,
2025-04-28,Abs,kb around the world,kb-around-the-world,45lbs,3x1min,,
2025-04-28,More!,quick hops,quick-hops,bench,3x10,,
2025-04-28,Legs,front squats,,"95,4x105","10,4x8",,
2025-04-28,Abs,mb split rotational slam,mb-split-rotational-slam,15lbs,2x13,,
2025-04-28,More!,stairs conditioning,,10lbs,"4,3,3",,
2025-04-28,More!,stationary bike,,5,45mins,,
2025-04-29,Arms,db reverse curls,,20lbs,"10,12",,2nd half is half volume because body isn't totally here today... Also it's getting late. might be better to get to sleep early for recovery.
2025-04-29,Back,deadlift,deadlift,210lbs,"5,3,3,2",,2nd half is half volume because body isn't totally here today... Also it's getting late. might be better to get to sleep early for recovery.
2025-04-29,Shoulders,super rom reverse cable fly,,30lbs,4x12,,2nd half is half volume because body isn't totally here today... Also it's getting late. might be better to get to sleep early for recovery.
2025-04-29,Abs,cable crunches,cable-crunches,80lbs,"10,9",,2nd half is half volume because body isn't totally here today... Also it's getting late. might be better to get to sleep early for recovery.
2025-04-29,Arms,incline db curls,,20lbs,2x8,,
2025-04-29,Back,shrugs,,110lbs,"2x12,10,11",,
2025-04-29,Shoulders,db lateral raise,db-lateral-raise,40lbs,2x10,,
2025-04-29,Arms,tricep kickback,tricep-kickback,15lbs,"2x12,8",,
2025-04-29,Back,face pulls,face-pulls,65lbs,4x10,,
2025-04-29,Back,single arm cable row,single-arm-cable-row,55lbs,4x8,,
2025-04-29,Back,chest supported row,chest-supported-row,50lbs,"7,8",,
2025-04-29,Back,kneeling single arm pulldown,,50lbs,4x8,,
2025-04-29,Back,free neutral pulldown,,100lbs,4x10,,
2025-04-30,Back,pullups,pullups,,"5,6,4,5",,
2025-04-30,Legs,box squats,,155lbs,"2x10,2x12",,
2025-04-30,Shoulders,db lateral raise,db-lateral-raise,40lbs,2x10,,
2025-04-30,Abs,cybex leg raises,,15lbs,"2x12,10,12",,
2025-04-30,More!,ext. rotation,,7.5lbs,2x15,,
2025-04-30,Legs,glute drive,,230lbs,"10,2x11,12",,
2025-04-30,More!,wrist db OH up,,17.5lbs,2x15,,
2025-04-30,Legs,abductors machine,abductors-machine,165lbs,4x12,,
2025-04-30,More!,wrist db UH up,,25lbs,"20,25",,
2025-04-30,Legs,seated hamstring curl,seated-hamstring-curl,120lbs,4x8,,
2025-04-30,More!,tibialis raises,tibialis-raises,20lbs,"20,13",,
2025-04-30,Legs,lm hack squat,,30kg,4x10,,
2025-05-01,Arms,cable overhead tri extension,,30lbs,"2x9,2x8",,
2025-05-01,Chest,bench,,115lbs,"6,5,3,5",,
2025-05-01,Shoulders,db rear delt fly,db-rear-delt-fly,60lbs,4x8,,
2025-05-01,Abs,woodchoppers,woodchoppers,30lbs,3x15,,
2025-05-01,More!,lm curtsy lunge w/ knee drive,lm-curtsy-lunge-w-knee-drive,20lbs,3x12,,
2025-05-01,Arms,triceps pushdown,,30lbs,4x10,,
2025-05-01,Chest,sm incline press,sm-incline-press,70lbs,"3x10,9",,
2025-05-01,Shoulders,super rom reverse cable fly,,30lbs,"10,9,10,8",,
2025-05-01,More!,lm split clean & jerk,lm-split-clean-jerk,,3x10,,
2025-05-01,Chest,low to high cable fly,,"40,3x30","7,3x10",,
2025-05-01,More!,endless rope,endless-rope,,2x2min,,
2025-05-01,Chest,machine chest press,machine-chest-press,110lbs,"2x10,8,9",,
2025-05-01,Chest,deficit pushups,deficit-pushups,,"12,10,8",,
2025-05-02,Legs,adductor machine,,150lbs,"8,10,9,10",,"""stagnating"" numbers are deceiving - form and depth are MUCH better than before"
2025-05-02,Shoulders,db lateral raise,db-lateral-raise,40lbs,"10,2x12",,"""stagnating"" numbers are deceiving - form and depth are MUCH better than before"
2025-05-02,Abs,kb around the world,kb-around-the-world,45lbs,2x2min,,"""stagnating"" numbers are deceiving - form and depth are MUCH better than before"
2025-05-02,More!,pacer test,,turf,34,,"""stagnating"" numbers are deceiving - form and depth are MUCH better than before"
2025-05-02,Legs,back squat,back-squat,135lbs,"3x5,4",,
2025-05-02,More!,stairclimber,stairclimber,60lbs,2x2min,,
2025-05-02,Legs,lying uni leg press,lying-uni-leg-press,70lbs,4x10,,
2025-05-02,More!,sled push/pull,,L1,3x2,,
2025-05-02,Legs,lm hack squat,,"30kg,3x35kg","12,8,2x10",,
2025-05-02,Legs,standing calf raise,,50lbs,"2x22,20",,
2025-05-02,Legs,split squats (quads),,80lbs,3x8,,
2025-05-02,Legs,uni leg extension,uni-leg-extension,"4x80,2x60","4x10,2x15",,
2025-05-02,Legs,walking lunges,walking-lunges,"14,2x20",3x1,,
2025-05-02,Legs,sm lengthened partials,sm-lengthened-partials,70lbs,10x10,,
2025-03-03,Arms,reverse curls,reverse-curls,"2x57,2x52,47","4x8,10",,this was a great progression day. finally feeling bent over rows towards the end
2025-03-03,Back,lat prayer,,35lbs,"15,13,10",,this was a great progression day. finally feeling bent over rows towards the end
2025-03-03,Legs,front squats,,115lbs,"3x5,4",,this was a great progression day. finally feeling bent over rows towards the end
2025-03-03,Abs,cable crunches,cable-crunches,80lbs,"12,10,8,9",,this was a great progression day. finally feeling bent over rows towards the end
2025-03-03,More!,ext. rotation,,7.5lbs,"15,12",,this was a great progression day. finally feeling bent over rows towards the end
2025-03-03,Arms,preacher curls,preacher-curls,20lbs,"2x12,8,9",,
2025-03-03,Back,cross body lat pullaround,,50lbs,4x10,,
2025-03-03,Legs,stiff legged deadlift,stiff-legged-deadlift,132lbs,4x10,,
2025-03-03,Abs,endless rope,endless-rope,,3x2min,,
2025-03-03,More!,turf skips & hops,,,"hk, bk, a, b dist, height",,
2025-03-03,Arms,bayesian cable curls,bayesian-cable-curls,40lbs,"11,2x7,6,9",,
2025-03-03,Back,barbell row,barbell-row,95lbs,4x10,,
2025-03-03,Legs,good morning,good-morning,120lbs,4x10,,
2025-03-03,Abs,farmers carry,,70lbs,3xturf,,
2025-03-03,Back,kneeling single arm pulldown,,50lbs,4x10,,
2025-03-03,Legs,nordic curls,nordic-curls,15lbs,"15,2x10",,
2025-03-03,Back,narrow cable lat row,,110lbs,4x10,,
2025-03-03,Back,meadows row,meadows-row,100lbs,4x8,,
2025-03-03,Back,chest supported row,chest-supported-row,50lbs,"3x10,9",,
2025-03-03,Back,ghd back extension,ghd-back-extension,20lbs,3x20,,
2025-03-03,Back,pullups,pullups,,"5,4,4x3",,
2025-03-04,Arms,cable overhead tri extension,,30lbs,"3x8,7",,shoulder & chest press reps (among others) may have gone down but form is MUCH stricter
2025-03-04,Back,neutral pullups,,,3x5,,shoulder & chest press reps (among others) may have gone down but form is MUCH stricter
2025-03-04,Chest,flat db press,,"4x100,2x80","2x5,2x4,10,9",,shoulder & chest press reps (among others) may have gone down but form is MUCH stricter
2025-03-04,Legs,standing calf raise,,50lbs,2x25,,shoulder & chest press reps (among others) may have gone down but form is MUCH stricter
2025-03-04,Shoulders,db shoulder press,db-shoulder-press,70lbs,"2x8,2x6",,shoulder & chest press reps (among others) may have gone down but form is MUCH stricter
2025-03-04,More!,deficit sprinter start skips,deficit-sprinter-start-skips,gray platform,3x12,,shoulder & chest press reps (among others) may have gone down but form is MUCH stricter
2025-03-04,Arms,triceps pushdown,,30lbs,4x8,,
2025-03-04,Chest,sm incline press,sm-incline-press,"2x70,2x60,2x50","8,7,8,10,12,10",,
2025-03-04,Shoulders,db lateral raise,db-lateral-raise,40lbs,"12,2x10,8",,
2025-03-04,More!,box jump-drop-jump,box-jump-drop-jump,bench,3x10,,
2025-03-04,Chest,decline knuckle pushups,decline-knuckle-pushups,,"12,10,8",,
2025-03-04,Shoulders,cable front raise,cable-front-raise,20lbs,"10,12,10,12",,
2025-03-04,More!,single leg wall ball,,6lbs,3x15,,
2025-03-04,Shoulders,super rom reverse cable fly,,40lbs,4x8,,
2025-03-04,More!,wrist db OH up,,17.5lbs,2x10,,
2025-03-04,More!,turf skips & hops,,,"hk, bk, a, b dist, height",,
2025-05-05,Arms,preacher curls,preacher-curls,20lbs,3x15,,
2025-05-05,Back,shrugs,,110lbs,4x12,,
2025-05-05,Legs,elevated reverse lunges - L,,65lbs,"5,6,7",,
2025-05-05,Shoulders,cable lateral raise,cable-lateral-raise,5lbs,"12,8",,
2025-05-05,Abs,cable crunches,cable-crunches,80lbs,"10,8",,
2025-05-05,More!,quick hops,quick-hops,,,,
2025-05-05,Arms,endless rope,endless-rope,,2x2min,,
2025-05-05,Legs,front squats,,115lbs,3x5,,
2025-05-05,Shoulders,db shoulder press,db-shoulder-press,"3x70,60,50","6,2x8,7,10",,
2025-05-05,More!,speed skater + sl box jump,,15cm,3x10,,
2025-05-05,Legs,split squats (quads) - L,,70lbs,"8,10,12",,
2025-05-05,More!,mb split rotational slam,mb-split-rotational-slam,15lbs,3x15,,
2025-05-05,More!,power clean & jerk,power-clean-jerk,65lbs,"3,4x4",,
2025-05-05,More!,sled push/pull,,L1,6x2,,
2025-05-06,Arms,incline db curls,,20lbs,"9,7,2x6",,
2025-05-06,Back,deadlift,deadlift,210lbs,"2x5,3,5",,
2025-05-06,Shoulders,super rom reverse cable fly,,40lbs,"6,8,5",,
2025-05-06,Arms,tricep kickback,tricep-kickback,17.5lbs,"10,2x8",,
2025-05-06,Back,face pulls,face-pulls,65lbs,4x12,,
2025-05-06,Back,single arm cable row,single-arm-cable-row,55lbs,4x10,,
2025-05-06,Back,chest supported row,chest-supported-row,50lbs,4x8,,
2025-05-06,Back,kneeling single arm pulldown,,50lbs,"10,3x8",,
2025-05-06,Back,neutral pullups,,,"4,3x3",,
2025-05-06,Back,wide pullups,,,2x3,,
2025-05-07,Back,pullups,pullups,,"2x4,3,4,3,4",,
2025-05-07,Legs,box squats,,"2x155,2x165","2x12,10,12",,
2025-05-07,Shoulders,db lateral raise,db-lateral-raise,40lbs,4x10,,
2025-05-07,Abs,cybex leg raises,,20lbs,4x8,,
2025-05-07,Legs,glute drive,,240lbs,"8,9,10,12",,
2025-05-07,Legs,abductors machine,abductors-machine,175lbs,4x10,,
2025-05-07,Legs,seated hamstring curl,seated-hamstring-curl,"4x100,2x90","4x10,13,11",,
2025-05-07,Legs,uni hamstring bridges,uni-hamstring-bridges,10lbs,3x15,,
2025-05-08,Arms,cable overhead tri extension,,30lbs,"10,2x9,7",,
2025-05-08,Chest,bench,,115lbs,"2x4,5,4",,
2025-05-08,Shoulders,db rear delt fly,db-rear-delt-fly,50lbs,4x10,,
2025-05-08,Abs,woodchoppers,woodchoppers,"30,2x35","15,2x10",,
2025-05-08,More!,lm split clean & jerk,lm-split-clean-jerk,,3x10,,
2025-05-08,Arms,triceps pushdown,,30lbs,4x10,,
2025-05-08,Chest,sm incline press,sm-incline-press,70lbs,"2x10,2x8",,
2025-05-08,Shoulders,super rom reverse cable fly,,30lbs,4x12,,
2025-05-08,More!,lm curtsy lunge w/ knee drive,lm-curtsy-lunge-w-knee-drive,20lbs,3x10,,
2025-05-08,Arms,endless rope,endless-rope,,3x30s,,
2025-05-08,Chest,machine chest press,machine-chest-press,110lbs,"2x7,8,6",,
2025-05-08,Chest,low to high cable fly,,34lbs,4x10,,
2025-05-08,Chest,deficit pushups,deficit-pushups,,"11,9,8",,
2025-05-09,Legs,adductor machine,,150lbs,4x12,,tbh first time getting full depth on uni leg press and split squats WOOP
2025-05-09,Shoulders,db lateral raise,db-lateral-raise,"3x40,2x30","15,2x12,20,15",,tbh first time getting full depth on uni leg press and split squats WOOP
2025-05-09,Abs,plank drags,,,2x15,,tbh first time getting full depth on uni leg press and split squats WOOP
2025-05-09,Legs,back squat,back-squat,145lbs,4x3,,
2025-05-09,Abs,plank pulls,,20lbs,"10,15",,
2025-05-09,Legs,front squats,,95lbs,4x8,,
2025-05-09,Legs,lying uni leg press,lying-uni-leg-press,50lbs,4x12,,
2025-05-09,Legs,split squats (quads),,30lbs,3x10,,
2025-05-09,Legs,walking lunges,walking-lunges,20lbs,2x1,,
2025-05-09,Legs,sissy squats,,,"8,6,5",,
2025-05-10,Arms,cable overhead tri extension,,30lbs,"10,11,9,8",,
2025-05-10,Chest,flat db press,,"4x100,2x80","4x5,10,12",,
2025-05-10,Shoulders,db shoulder press,db-shoulder-press,70lbs,"6,7,6,6",,
2025-05-10,Arms,tricep kickback,tricep-kickback,15lbs,"10,3x8",,
2025-05-10,Chest,bb incline bench,,"4x75,2x65","8,7,6,7,2x11",,
2025-05-10,Shoulders,cable front raise,cable-front-raise,20lbs,4x10,,
2025-05-10,Chest,decline knuckle pushups,decline-knuckle-pushups,,"9,6,9",,
2025-05-10,Shoulders,db lateral raise,db-lateral-raise,"2x40,2x30","2x10,2x15",,
2025-05-11,Arms,reverse curls,reverse-curls,52lbs,"3x8,10",,
2025-05-11,Back,lat pullaround,lat-pullaround,50lbs,4x12,,
2025-05-11,More!,ext. rotation,,7.5lbs,2x15,,
2025-05-11,Arms,preacher curls,preacher-curls,22.5lbs,4x8,,
2025-05-11,Back,barbell row,barbell-row,95lbs,4x12,,
2025-05-11,Arms,bayesian cable curls,bayesian-cable-curls,"40,4x34","8,2x12,2x8",,
2025-05-11,Back,kneeling single arm pulldown,,50lbs,4x8,,
2025-05-11,Back,narrow cable lat row,,110lbs,4x10,,
2025-05-11,Back,meadows row,meadows-row,100lbs,4x10,,
2025-05-11,Back,chest supported row,chest-supported-row,50lbs,"10,9,2x8",,
2025-05-12,Arms,tricep rope pushdown,tricep-rope-pushdown,30lbs,4x12,,
2025-05-12,Chest,bench,,115lbs,4x5,,
2025-05-12,Shoulders,db shoulder press,db-shoulder-press,"2x70,2x60,2x50","4,5,7,8,2x12",,
2025-05-12,Chest,sm incline press,sm-incline-press,70lbs,"8,10,9,9",,
2025-05-12,Shoulders,db lateral raise,db-lateral-raise,"3x40,2x30","3x10,2x15",,
2025-05-12,Chest,machine chest press,machine-chest-press,110lbs,"3x10,9",,
2025-05-12,Chest,low to high cable fly,,30lbs,4x12,,
2025-05-12,Chest,deficit pushups w/ 1s iso hold,,,"10,9,8",,
2025-05-13,Arms,reverse curls,reverse-curls,52lbs,4x10,,
2025-05-13,Back,deadlift,deadlift,220lbs,"3,3,1,1",,
2025-05-13,Arms,preacher curls,preacher-curls,22.5lbs,"2x10,3x9,7",,
2025-05-13,Back,face pulls,face-pulls,72.5lbs,4x10,,
2025-05-13,Back,single arm cable row,single-arm-cable-row,55lbs,4x12,,
2025-05-13,Back,half kneeling single arm pulldown,,"3x50,42.5","3x8,12",,
2025-05-13,Back,neutral free pulldowns,,"4x100,2x85","4x8,2x12",,
2025-05-14,Legs,stiff legged deadlift,stiff-legged-deadlift,132lbs,4x12,,
2025-05-14,Legs,good morning,good-morning,120lbs,"10,2x9,10",,
2025-05-14,Legs,box squat,box-squat,"165,3x175","12,2x9,10",,
2025-05-14,Legs,front squats,,"95,115,2x105","8,4,3x8",,
2025-05-14,Legs,seated hamstring curl,seated-hamstring-curl,"2x90lbs,2x95,2x100","8,3x12,2x10",,
2025-05-14,Legs,abductors machine,abductors-machine,170lbs,4x10,,
2025-05-14,Legs,standing calf raise,,50lbs,3x20,,
2025-05-14,Legs,ghd nordic curls,,,3x10,,
2025-05-15,Arms,cable overhead tri extension,,"3x30,25","10,9,7,9",,
2025-05-15,Chest,flat db press,,"4x100,90,80","3x6,2x8,10",,
2025-05-15,Shoulders,overhead press,overhead-press,"80,85,2x80","3,2,2x3",,
2025-05-15,Arms,tricep kickback,tricep-kickback,"2x15,10","8,7,15",,
2025-05-15,Chest,sm incline press,sm-incline-press,70lbs,"3x10,8",,
2025-05-15,Shoulders,db lateral raise,db-lateral-raise,"4x40,35","4x12,15",,
2025-05-15,Chest,decline knuckle pushups,decline-knuckle-pushups,,"10,2x8",,
2025-05-15,Shoulders,cable front raise,cable-front-raise,20lbs,4x12,,
2025-05-15,Shoulders,db rear delt fly,db-rear-delt-fly,"50,3x45","8,3x12",,
2025-05-16,Arms,bayesian cable curls,bayesian-cable-curls,"40,4x30,20","7,11,2x10,8,22",,still in my technique era - numbers look the same but form is improving
2025-05-16,Back,ghd back extension,ghd-back-extension,20lbs,3x20,,still in my technique era - numbers look the same but form is improving
2025-05-16,Shoulders,reverse cable fly,reverse-cable-fly,"2x30,20","10,8,13",,still in my technique era - numbers look the same but form is improving
2025-05-16,Back,barbell row,barbell-row,95lbs,4x12,,
2025-05-16,Back,lat pullaround,lat-pullaround,"4x57.5,2x42.5","4x8,2x10",,
2025-05-16,Back,kneeling single arm pulldown,,42.5lbs,"10,2x12,2x10",,
2025-05-16,Back,chest supported row,chest-supported-row,45lbs,"10,8,2x9",,
2025-05-16,Back,pullups,pullups,,"6x4,3,4,2x3",,
2025-05-17,Legs,back squat,back-squat,145lbs,"3x4,5",,
2025-05-17,Legs,lying uni leg press,lying-uni-leg-press,60lbs,4x10,,
2025-05-17,Legs,b split squats (quads),,30lbs,"3x12,15",,
2025-05-17,Legs,uni leg extension,uni-leg-extension,"4x80,3x70","4x10,2x12,11",,
2025-05-17,Legs,front squat,front-squat,"105,3x95","6,3x10",,
2025-05-17,Legs,lying uni leg curl,lying-uni-leg-curl,"25,3x35",4x12,,
2025-05-17,Legs,explosive uni rdl,,30lbs,3x12,,
2025-05-17,Legs,reverse lunges w/ 3s iso hold,,65lbs,3x5,,
2025-05-17,Legs,standing calf raise,,50lbs,3x22,,
2025-05-17,Legs,explosive uni hamstring bridges w/ 3s iso hold,,15lbs,3x10,,
2025-05-17,Legs,sm lengthened partials,sm-lengthened-partials,70lbs,"7,2x8,9,8,10",,
2025-05-19,Arms,tricep rope pushdown,tricep-rope-pushdown,35lbs,"12,10,2x8",,
2025-05-19,Chest,bench,,125lbs,"2x3,2,3",,
2025-05-19,Shoulders,db shoulder press,db-shoulder-press,"3x70,2x60,50","7,8,7,10,8,13",,
2025-05-19,Chest,sm incline press,sm-incline-press,70lbs,"2x12,10,11",,
2025-05-19,Shoulders,db lateral raise,db-lateral-raise,"45,2x40,2x35","8,2x10,2x13",,
2025-05-19,Chest,machine chest press,machine-chest-press,"2x110,100,90","8,6,8,10",,
2025-05-19,Chest,low to high cable fly,,34lbs,"3x10,11",,
2025-05-19,Chest,deficit pushups w/ 1s iso hold,,,"2x10,11",,
2025-05-20,Arms,reverse curls,reverse-curls,52lbs,"3x12,10",,
2025-05-20,Back,deadlift,deadlift,"4x220,2x132","3,3,2,1,2x10",,
2025-05-20,Arms,preacher curls,preacher-curls,20lbs,"10,12,10,11,2x10",,
2025-05-20,Back,face pulls,face-pulls,72.5lbs,"10,3x8",,
2025-05-20,Back,half kneeling single arm pulldown,,"2x50,2x40","2x8,2x12",,
2025-05-20,Back,neutral free pulldowns,,"3x100,2x85","2x11,9,13,12",,
2025-05-20,Back,single arm cable row,single-arm-cable-row,60lbs,4x8,,
2025-05-21,Legs,abductors machine,abductors-machine,170lbs,"10,8,10,9",,
2025-05-21,Legs,box squat,box-squat,175lbs,4x10,,
2025-05-21,Legs,stiff legged deadlift,stiff-legged-deadlift,140lbs,4x8,,
2025-05-21,Legs,good morning,good-morning,120lbs,4x8,,
2025-05-21,Legs,seated uni hamstring curl,,"4x40,2x30","L-4x12,2x20,R-4x8,2x15",,
2025-05-21,Legs,explosive uni hamstring bridges w/ 3s iso hold,,15lbs,3x15,,
2025-05-22,Arms,cable tri overhead extension,,30lbs,"2x10,8",,
2025-05-22,Chest,flat db press,,"2x100,90,80","8,7,8,10",,
2025-05-22,Shoulders,overhead press,overhead-press,"3x80,70","2x3,2,3",,
2025-05-22,Chest,sm incline press,sm-incline-press,"70,60,50","8,10,12",,
2025-05-22,Shoulders,db lateral raise,db-lateral-raise,"2x40,35","15,2x12",,
2025-05-22,Shoulders,db t-raises,db-t-raises,"15,2x12.5","10,2x15",,
2025-05-22,Shoulders,reverse cable fly,reverse-cable-fly,26lbs,4x15,,
2025-05-23,Arms,bayesian cable curls,bayesian-cable-curls,30lbs,"2x15,12",,
2025-05-23,Back,half kneeling single arm pulldown,,40lbs,3x15,,
2025-05-23,Back,lat pullaround,lat-pullaround,"57.5,3x50","8,12,11,12",,
2025-05-23,Back,chest supported row (wide grip),,"35,3x40","12,3x10",,
2025-05-23,Back,back extension,,20lbs,"22,2x20",,
2025-05-23,Back,pullups,pullups,,"2x5,2x4,2x3",,
2025-05-24,Legs,explosive uni rdl,,30lbs,3x15*,,
2025-05-24,Legs,reverse lunges w/ 3s iso hold,,65lbs,5x5,,
2025-05-26,Arms,tricep kickback,tricep-kickback,"2x15,10","13,10,15",,
2025-05-26,Chest,bench,,"125,2x115,2x105,95","2,5,3,7,5,11",,
2025-05-26,Shoulders,db shoulder press,db-shoulder-press,"3x70,60","8,9,8,9",,
2025-05-26,Chest,low to high cable fly,,30lbs,"15,13,12,10",,
2025-05-26,Chest,deficit pushups w/ 1s iso hold,,,3x11,,
2025-05-27,Arms,preacher curls,preacher-curls,22.5lbs,"8,2x10",,
2025-05-27,Back,half kneeling single arm pulldown,,42.5lbs,3x15,,
2025-05-27,Arms,reverse curls,reverse-curls,52lbs,2x15,,
2025-05-27,Back,deadlift,deadlift,220lbs,2,,
2025-05-27,Back,trx rows,trx-rows,,"8,10,9,10",,
2025-05-27,Back,neutral free pulldowns,,"100,110,100,85","12,2x8,12",,
2025-05-28,Legs,walking lunges,walking-lunges,,2 laps,,
2025-05-28,Legs,reverse lunges - L,,,21,,
2025-05-28,Legs,box squat,box-squat,185lbs,5x5,,
2025-05-28,Legs,front squat,front-squat,"95,3x105",4x8,,
2025-05-28,Legs,b split squats (glutes) - L,,"30,35,2x40","12,15,2x12",,
2025-05-28,Legs,ghd nordic curls,,,3x12,,
2025-05-28,Legs,lying uni leg curl,lying-uni-leg-curl,35lbs,"15,2x12",,
2025-05-29,Arms,farmers carry,,2/50lbs,3 laps,,
2025-05-29,Back,pullups,pullups,,5x5,,
2025-05-29,Back,trx rows,trx-rows,,5x7,,
2025-05-30,Arms,cable tri overhead extension,,30lbs,3x10,,
2025-05-30,Back,back extension,,20lbs,"20,2x22",,
2025-05-30,Chest,flat db press,,2/50lbs,"2x9,2x8",,
2025-05-30,Shoulders,overhead press,overhead-press,80lbs,"3x4,5",,
2025-05-30,Shoulders,db t-raises,db-t-raises,2/15lbs,3x15,,
2025-05-30,Shoulders,db lateral raise,db-lateral-raise,2/20lbs,"2x12,10",,
2025-05-30,Shoulders,reverse cable fly,reverse-cable-fly,30lbs,"15,13,15,12",,
2025-05-31,Legs,back squat,back-squat,155lbs,4x5,,
2025-05-31,Legs,sl lying leg press,,60lbs,4x12,,
2025-05-31,Legs,sl explosive rdl,,30lbs,3x13,,
2025-05-31,Legs,reverse lunges w/ 3s iso hold,,75lbs,3x5,,
2025-05-31,Legs,front squat,front-squat,"105,2x95","5,2x10",,
2025-05-31,Legs,ghd nordic curls,,,3x15,,
2025-05-31,Legs,b split squats (quads),,40lbs,"10,2x12",,
2025-05-31,Legs,sl leg extension w/ 1s iso hold,,40lbs,3x15,,
2025-06-02,Arms,tricep kickback,tricep-kickback,15lbs,"13,11,10",,
2025-06-02,Chest,bench,,"4x125,2x105","3x3,2,10,9",,
2025-06-02,Shoulders,db shoulder press,db-shoulder-press,"70,3x60","7,10,9,8",,
2025-06-02,Chest,low to high cable fly,,30lbs,"15,13,2x11",,
2025-06-02,Chest,deficit pushups w/ 1s iso hold,,,"10,2x8",,
2025-06-03,Arms,endless rope,endless-rope,,3x30s,,
2025-06-03,Back,pullups,pullups,,"4,3,4",,
2025-06-03,Legs,hack squats,,"70,90,110,140","15,10,11,5",,
2025-06-03,Back,deadlift,deadlift,220lbs,"2x5,2x1",,
2025-06-03,Legs,sl hamstring bridges w/ 3s iso hold,,18lbs,"15,12,10",,
2025-06-03,Legs,hip thrust,,"95,3x115","15,13,2x14",,
2025-06-03,Legs,b split squats (glutes) w/ 1s iso hold,,35lbs,3x10,,
2025-06-03,Legs,pistol squats (R) & step ups (L),,,10,,
2025-06-03,Legs,wall sit on toes,wall-sit-on-toes,,3x1min,,
2025-06-03,Legs,lying uni leg curl,lying-uni-leg-curl,"2x35,25","15,12,15",,
2025-06-05,Arms,bayesian cable curls,bayesian-cable-curls,2/15lbs,3x15,,
2025-06-05,Back,pullups,pullups,,"2x5,2x4,5",,
2025-06-05,Arms,reverse curls,reverse-curls,57lbs,3x10,,
2025-06-05,Back,trx rows,trx-rows,,3x7,,
2025-06-05,Back,half kneeling single arm pulldown,,50lbs,3x10,,
2025-06-05,Back,lat pullaround,lat-pullaround,"2x57.5,2x50","2x8,10,12",,
2025-06-05,Back,neutral free pulldowns,,"2x110,100,85","8,7,8,10",,
2025-06-06,Arms,cable tri overhead extension,,30lbs,"2x12,9",,
2025-06-06,Back,back extension,,20lbs,"9,22",,
2025-06-06,Chest,flat db press,,2/50lbs,4x10,,
2025-06-06,Shoulders,overhead press,overhead-press,85lbs,"3x3,2",,
2025-06-06,Shoulders,reverse cable fly,reverse-cable-fly,2/15lbs,4x15,,
2025-06-06,Shoulders,cable lateral raise,cable-lateral-raise,"5,4x7.5","17,15,13,2x12",,
2025-06-06,Shoulders,db t-raises,db-t-raises,"2x2/15,2/12.5","11,10,13",,
2025-06-07,Back,back extension,,20lbs,"2x22,25",,
2025-06-07,Legs,back squat,back-squat,"4x165,135,115","3x3,1,6,10",,
2025-06-07,Legs,sl lying leg press,,70lbs,4x8,,
2025-06-07,Legs,sl explosive rdl,,30lbs,3x15,,
2025-06-07,Legs,reverse lunges w/ 3s iso hold,,85lbs,3x5*,,
2025-06-07,Legs,ghd nordic curls,,,"2x18,20",,
2025-06-07,Legs,b split squats (quads),,40lbs,3x15,,
2025-06-07,Legs,sl leg extension w/ 3s iso hold,,"L-50,R-70","10,2x15",,
2025-06-09,Back,pullups,pullups,,3x5,,
2025-06-09,Legs,hack squats,,"90lbs,140lbs","15,10",,
2025-06-10,Arms,tricep kickback,tricep-kickback,15lbs,3x10,,
2025-06-10,Chest,bench,,"4x125,2x105","4,3x3,2x9",,
2025-06-10,Shoulders,db shoulder press,db-shoulder-press,"2x70,60,50","7,6,8,13",,
2025-06-10,Chest,low to high cable fly,,34lbs,"2x15,12,10",,
2025-06-10,Chest,deficit pushups w/ 1s iso hold,,,3x12,,
2025-06-11,Back,deadlift,deadlift,220lbs,4x5,,
2025-06-11,Legs,standing calf raises,,50lbs,"20,25,20",,
2025-06-11,Legs,sl hamstring bridges w/ 3s iso hold,,22lbs,3x15,,
2025-06-11,Legs,hip thrust,,"115,3x135","15,3x12",,
2025-06-11,Legs,front squats,,95lbs,"10,12",,
2025-06-11,Legs,pistol squats (R) & step ups (L),,,12,,
2025-06-11,Legs,b split squats (glutes) w/ 3s iso hold,,35lbs,3x12,,
2025-06-11,Legs,lying uni leg curl,lying-uni-leg-curl,"R-35,L-25",3x15,,
2025-06-12,Arms,preacher curls,preacher-curls,22.5lbs,"2x9,7",,
2025-06-12,Back,pullups,pullups,,"2x6,5,2x4",,
2025-06-12,Arms,reverse curls,reverse-curls,57lbs,3x10*,,
2025-06-12,Back,trx rows w/ 1s iso hold,,,3x10,,
2025-06-12,Back,half kneeling single arm pulldown,,"42.5,50,42.5","15,2x10",,
2025-06-12,Back,lat pullaround,lat-pullaround,"2x50,2x42.5","2x10,2x12",,
2025-06-12,Back,neutral free pulldown,neutral-free-pulldown,"110,100,2x85","6,8,2x12",,
2025-06-13,Arms,dips,dips,,3x10,,
2025-06-13,Chest,flat db press,,"2/50,2/55,2x2/50","12,4,2x12",,
2025-06-13,Shoulders,overhead press,overhead-press,"4x85,2x65","2x3,4,3,12,10",,
2025-06-13,Arms,cable tri overhead extension,,"3x30,25","12,11,2x10",,
2025-06-13,Shoulders,reverse cable fly,reverse-cable-fly,2/17.5lbs,"2x12,10,11",,
2025-06-13,Shoulders,cable lateral raise,cable-lateral-raise,7.5lbs,"2x15,12",,
2025-06-13,Shoulders,db t-raises,db-t-raises,"2/15,2x2/12.5","12,2x15",,
2025-06-14,Back,back extension,,20lbs,3x25,,
2025-06-14,Legs,back squat,back-squat,"2x165,135","3,2,10",,
2025-06-14,Legs,sl lying leg press,,70lbs,2x10,,
2025-06-14,Legs,sl explosive rdl,,35lbs,2x12,,
2025-06-14,Legs,reverse lunges w/ 5s iso hold,,85lbs,3x5,,
2025-06-14,Legs,ghd nordic curls,,"0,2x10","20,2x10",,
2025-06-14,Legs,b split squats (quads),,45lbs,"10,2x15",,
2025-06-14,Legs,sl leg extension,,"L-60,R-80",3x12,,
2025-06-14,Legs,leg raise hold,,,2x3min,,
2025-06-16,Back,pullups,pullups,,"2x6,5",,
2025-06-16,Legs,hack squats,,135lbs,2x10,,
2025-06-17,Chest,bench,,"4x125,2x95","4,2x3,2,2x12",,
2025-06-17,Shoulders,db shoulder press,db-shoulder-press,"2x70,60","6,7,10",,
2025-06-18,Legs,b split squats (glutes),,"35,40lbs","15,12",,
2025-06-18,Legs,b split squats (quads),,45lbs,"12,15",,
2025-06-18,Legs,front squats,,105lbs,"7,8",,
2025-06-18,Legs,sl lying leg press,,70lbs,2x10,,
2025-06-19,Arms,reverse curls,reverse-curls,57lbs,"10,12,10",,
2025-06-19,Back,pullups,pullups,,3x6,,
2025-06-19,Arms,tabata,,,endless rope,,
2025-06-19,Back,trx rows,trx-rows,,3x10,,
2025-06-19,Back,half kneeling single arm pulldown,,50lbs,3x10,,
2025-06-19,Back,lat pullaround,lat-pullaround,"2x50,2x42.5","2x8,2x12",,
2025-06-20,Legs,bb rdl,,"115,2x135","12,2x10",,
2025-06-20,Shoulders,db t-raises,db-t-raises,2/15lbs,4x15,,
2025-06-20,Legs,sl rdl,,35lbs,15,,
2025-06-20,Legs,sl bridges,,25lbs,4x15,,
2025-06-20,Legs,ghd nordic curls,,,3x10,,
2025-06-21,Arms,bayesian cable curls,bayesian-cable-curls,"3x2/20,2/15","2x12,10,15",,
2025-06-21,Legs,back squat,back-squat,"95,4x165,95","8,3,4,3,2,15",,
2025-06-21,Legs,reverse lunges w/ 5s iso hold,,"95,2x105",3x5s,,
2025-06-21,Legs,sl soleus raises,,20lbs,2x25,,
2025-06-22,Chest,sm incline press,sm-incline-press,70lbs,2x12,,
2025-06-22,Shoulders,db rear delt fly,db-rear-delt-fly,"2x2/25,2/22.5","2x10,15",,
2025-06-23,Chest,bench,,"4x125,2x105","3x4,2,9,8",,
2025-06-23,Shoulders,cable lateral raise,cable-lateral-raise,7.5lbs,3x15,,
2025-06-23,Chest,dips,dips,,2x6,,
2025-06-23,Shoulders,db shoulder press,db-shoulder-press,70lbs,"12,11,10,8",,
2025-06-23,Shoulders,reverse cable fly,reverse-cable-fly,2/15lbs,2x15,,
2025-06-24,Back,pullups,pullups,,"7,2x6",,
2025-06-24,Back,neutral pulldowns,,120lbs,3x10,,
2025-06-24,Back,back extension,,25lbs,2x20,,
2025-06-25,Legs,b split squats (glutes),,40lbs,2x15,,
2025-06-25,Legs,b split squats (quads),,45lbs,12,,
2025-06-25,Legs,sm lengthened partials,sm-lengthened-partials,90lbs,"2x8,10",,
2025-06-25,Legs,sl lying leg press,,70lbs,2x12,,
2025-06-25,Legs,split stance close squats,,"2x2/30,2/35,2x2/40","2x10,12,2x15",,
2025-06-26,Arms,endless rope,endless-rope,,3x30s,,
2025-06-26,Back,pullups,pullups,,"2x7,6",,
2025-06-26,Chest,deficit pushups w/ 1s hold,,,3x10,,
2025-06-26,Arms,sa dead hang,sa-dead-hang,,4x10s,,
2025-06-26,Back,trx rows,trx-rows,,3x12,,
2025-06-26,Arms,kneeling sa pushups,,,"10,12,10",,
2025-06-26,Back,half kneeling single arm pulldown,,"50,2x42.5","10,2x15",,
2025-06-26,Arms,dips,dips,,"10,12,11",,
2025-06-26,Back,cable row (serratus anterior),,"40,55lbs","25,15",,
2025-06-26,Arms,reverse curls,reverse-curls,57lbs,"10,2x12",,
2025-06-26,Back,cable row (full rom),,55lbs,2x12,,
2025-06-27,Back,deadlift,deadlift,"4x230,140","3x3,1,15",,
2025-06-27,Legs,back squat,back-squat,"165,2x135","1,2x5",,
2025-06-27,Legs,bb rdl,,135lbs,"10,2x12",,
2025-06-27,Legs,sl rdl,,40lbs,13,,
2025-06-27,Legs,seated hamstring curl,seated-hamstring-curl,"30,2x40",3x15,,
2025-06-28,Arms,sa dead hang,sa-dead-hang,,2x10s,,
2025-06-28,Legs,reverse lunges w/ 5s iso hold,,105lbs,3x5,,
2025-06-28,Shoulders,db t-raises,db-t-raises,"2/15,3x2/17.5","15,3x12",,
2025-06-28,Arms,preacher curls,preacher-curls,22.5lbs,4x15,,
2025-06-30,Back,sideways single arm pulldown,,35lbs,2x15,,
2025-06-30,Chest,half kneeling sa pushups,,,2x5,,
2025-06-30,Legs,standing calf raises,,50lbs,2x20,,
2025-06-30,Shoulders,reverse cable fly,reverse-cable-fly,"2/15,2/20lbs","15,10",,
2025-07-01,Back,pullups,pullups,,"5,4",,
2025-07-01,Chest,deficit pushups w/ 1s hold,,,2x10,,
2025-07-01,Back,neutral pulldowns,,120lbs,"10,12",,
2025-07-01,Back,back extension,,25lbs,2x22,,
2025-07-03,Arms,tricep pushdown,,35lbs,3x12,,
2025-07-03,Back,pullups,pullups,,"7,2x5",,
2025-07-03,Chest,bb bench,,"125,135,2x125","5,1,2x4",,
2025-07-03,Legs,sm lengthened partials,sm-lengthened-partials,90lbs,"8,2x10",,
2025-07-03,Shoulders,cable lateral raise,cable-lateral-raise,"10,7.5lbs","8,15",,
2025-07-03,Back,pendlay row,pendlay-row,88lbs,3x12,,
2025-07-03,Chest,flat db press,,2/55lbs,"6,5",,
2025-07-03,Legs,b split squats (glutes),,45lbs,"10,12",,
2025-07-03,Back,sideways single arm pulldown,,42.5lbs,10,,
2025-07-03,Chest,sm incline bench,,70lbs,3x12,,
2025-07-03,Legs,b split squats (quads),,45lbs,15,,
2025-07-03,Legs,walking lunges,walking-lunges,50lbs,3x10,,
2025-07-03,Legs,reverse nordics,reverse-nordics,,"15,2x10",,
2025-07-04,Back,deadlift,deadlift,"3x230,2x205","2x3,1,2x5",,
2025-07-04,Legs,back squat,back-squat,"135,3x145","5,3x3",,
2025-07-04,Legs,bb rdl,,145lbs,3x8,,
2025-07-04,Legs,sl rdl,,40lbs,15*,,
2025-07-05,Shoulders,db t-raises,db-t-raises,2/17.5lbs,"2x15,2x12",,
2025-07-06,Arms,bayesian cable curls,bayesian-cable-curls,2/20lbs,"9,12",,
2025-07-07,Legs,front squat,front-squat,95lbs,"6,8",,
2025-07-07,Legs,nordic curls,nordic-curls,,"10,2x15",,
2025-07-07,Legs,standing calf raises,,50lbs,3x20,,
2025-07-08,Back,pullups,pullups,"0,5lbs",2x5,,
2025-07-08,Chest,deficit pushups w/ 1s hold,,,2x10,,
2025-07-08,Back,neutral pulldowns,,120lbs,2x12,,
2025-07-08,Back,back extension,,25lbs,"15,20",,
2025-07-09,Back,lat pullaround,lat-pullaround,"50,3x57.5","12,3x8",,
2025-07-09,Chest,half kneeling sa pushups,,,"8,10",,
2025-07-09,Shoulders,reverse cable fly,reverse-cable-fly,2/20lbs,10,,
2025-07-09,Back,sa pulldown,,50lbs,2x10,,
2025-07-10,Arms,tricep forward extension,,10lbs,"15,2x12",,
2025-07-10,Back,pendlay row,pendlay-row,105lbs,5x5,,
2025-07-10,Chest,heavy hold,,145lbs,2x15s,,
2025-07-10,Legs,sl leg extension - L,,"50,60,70lbs","2x20,15",,
2025-07-10,Shoulders,cable lateral raise,cable-lateral-raise,7.5lbs,2x12,,
2025-07-10,Arms,sa dead hang - R,,,2x10s,,
2025-07-10,Back,pullups,pullups,5lbs,3x5,,
2025-07-10,Chest,bb bench,,"4x125,2x115","4x5,2x8",,
2025-07-10,Legs,sl leg extension - R,,"70,80,90lbs","2x20,15",,
2025-07-10,Shoulders,overhead press,overhead-press,"4x75,2x65","4x5,2x8",,
2025-07-10,Back,cable row (serratus anterior),,55lbs,2x15,,
2025-07-10,Chest,dips,dips,10lbs,3x6,,
2025-07-10,Back,cable row (full rom),,"55,62.5lbs","12,8",,
2025-07-11,Back,deadlift,deadlift,"4x230,176","4x5,10",,
2025-07-11,Legs,back squat,back-squat,"165,135lbs","2,4",,
2025-07-11,Legs,sm sl squats,,50lbs,3x8,,
2025-07-11,Legs,sm lengthened partials,sm-lengthened-partials,90lbs,"8,10,8",,
2025-07-11,Legs,seated hamstring curl,seated-hamstring-curl,"40,3x50","15,3x12",,
2025-07-12,Arms,preacher curls,preacher-curls,25lbs,3x10,,
2025-07-12,Legs,reverse lunges w/ 5s iso hold,,105lbs,3x5s,,
2025-07-12,Shoulders,db t-raises,db-t-raises,2/17.5lbs,4x15,,
2025-07-12,Arms,tricep forward extension,,"10,2x15",3x15,,
2025-07-12,Legs,bb rdl,,145lbs,3x10,,
2025-07-12,Legs,sl rdl,,40lbs,15,,
2025-07-14,Legs,nordic curls,nordic-curls,"0,10lbs","15,12",,
2025-07-14,Legs,standing calf raises,,50lbs,2x22,,
2025-07-15,Arms,sa dead hang - R,,,"11s,5s,16s",,
2025-07-15,Back,pullups,pullups,"5,10lbs","5,4",,
2025-07-15,Chest,deficit pushups w/ 1s hold,,,2x12,,
2025-07-15,Arms,sa dead hang - L,,,"7s,5s,16s",,
2025-07-15,Back,neutral free pulldown,neutral-free-pulldown,120lbs,2x10,,
2025-07-15,Back,back extension,,25lbs,2x25,,
2025-07-16,Arms,bayesian cable curls,bayesian-cable-curls,2/20lbs,3x15,,
2025-07-16,Back,sideways single arm pulldown,,42.5lbs,2x12,,
2025-07-16,Chest,half kneeling sa pushups,,,"5,6",,
2025-07-16,Legs,sl leg extension - L,,"50,65,80,90lbs","2x15,12,10",,
2025-07-16,Shoulders,reverse cable fly,reverse-cable-fly,2/15lbs,"2x12,15",,
2025-07-16,Legs,sl leg extension - R,,"70,85,100,110lbs","2x15,12,10",,
2025-07-16,Legs,y balance,y-balance,,2x10,,
2025-07-17,Arms,tricep forward extension,,"15,2x17.5lbs","12,9,8",,
2025-07-17,Back,pendlay row,pendlay-row,100lbs,5x5,,
2025-07-17,Chest,heavy hold,,165lbs,2x15s,,
2025-07-17,Legs,sl leg extension - L,,"60,75,90lbs","10,2x12",,
2025-07-17,Shoulders,overhead press,overhead-press,"4x80,2x65","3,4,3,4,10,8",,
2025-07-17,Arms,reverse curls,reverse-curls,57lbs,3x10,,
2025-07-17,Back,pullups,pullups,10lbs,"4,5,3",,
2025-07-17,Chest,bb bench,,"4x135,2x115","1,3x3,2x10",,
2025-07-17,Legs,sl leg extension - R,,"80,95,110lbs","10,12,10",,
2025-07-17,Shoulders,cable lateral raise,cable-lateral-raise,"7.5,10lbs","15,8",,
2025-07-17,Back,cable row (serratus anterior),,62.5lbs,"15,12",,
2025-07-17,Chest,dips,dips,10lbs,"2x7,8",,
2025-07-17,Back,cable row (full rom),,62.5lbs,2x10,,
2025-07-18,Back,deadlift,deadlift,"3x245,2x185","3,2,1,2x8",,
2025-07-18,Legs,sl front squat,,"45,55,65lbs",3x10,,
2025-07-18,Legs,zercher squats,zercher-squats,95lbs,"8,2x10",,
2025-07-18,Legs,step ups,step-ups,"65,75,2x85lbs",4x10,,
2025-07-18,Legs,sl lying leg curl - L,,"2x25,30",3x12,,
2025-07-18,Legs,sl lying leg curl - R,,35lbs,3x12,,
2025-07-20,Arms,tricep forward extension,,17.5lbs,2x10,,
2025-07-20,Back,lat pullaround,lat-pullaround,57.5lbs,2x10,,
2025-07-20,Legs,reverse lunges w/ 5s iso hold,,105lbs,3x5s,,
2025-07-20,Shoulders,db t-raises,db-t-raises,2/20lbs,2x10,,
2025-07-20,Legs,bb rdl,,145lbs,2x10,,
2025-07-20,Legs,sl rdl,,45lbs,11,,
2025-07-21,Legs,nordic curls,nordic-curls,10lbs,"12,15*",,
2025-07-21,More!,academy: burpees,,,200+,,
2025-07-22,Arms,sa dead hang,sa-dead-hang,10lbs,2x10s,,
2025-07-22,Back,neutral pulldowns,,140lbs,2x8,,
2025-07-22,Chest,deficit pushups w/ 1s hold,,,"12,15",,
2025-07-22,Back,back extension,,30lbs,2x20*,,
2025-07-22,Back,weighted pullups,,"10,15lbs","5,4",,
2025-07-23,Back,sa pulldown,,25lbs,15,,
2025-07-23,Shoulders,reverse cable fly,reverse-cable-fly,"2/10,2x2/15","20,12,15",,
2025-07-24,Arms,tricep forward extension,,17.5lbs,3x10,,
2025-07-24,Back,weighted pullups,,15lbs,3,,
2025-07-24,Chest,heavy hold,,165lbs,"10s,12s",,
2025-07-24,Legs,leg extension 1RM - L,,,125lbs,,
2025-07-24,Shoulders,cable lateral raise,cable-lateral-raise,7.5lbs,15,,
2025-07-24,Chest,bb bench,,"4x135,2x115","4,3,2x2,8,6",,
2025-07-24,Legs,leg extension 1RM - R,,,150lbs,,
2025-07-24,Shoulders,overhead press,overhead-press,"80,65lbs","3,7",,
2025-07-24,Chest,dips,dips,15lbs,2x5,,
2025-07-25,Legs,sl front squat,,65lbs,3x10,,
2025-07-25,Legs,walking lunges,walking-lunges,"50,2x60lbs",3x10,,
2025-07-25,Legs,nordic curls,nordic-curls,"10,2x15","12,2x10",,
2025-07-26,Arms,preacher curls,preacher-curls,25lbs,4x12,,
2025-07-26,Legs,bb rdl,,145lbs,3x12,,
2025-07-26,Shoulders,db t-raises,db-t-raises,"2x2/20,2x2/15","2x10,2x15",,
2025-07-26,Arms,tricep forward extension,,17.5lbs,2x12,,
2025-07-26,Legs,sl rdl,,45lbs,12,,
2025-07-26,Arms,tricep overhead extension,,"30,35lbs","15,10",,
2025-07-26,Arms,reverse curls,reverse-curls,"57,52lbs","10,2x12",,
2025-07-28,Legs,nordic curls,nordic-curls,15lbs,2x10,,
2025-07-29,Arms,sa dead hang,sa-dead-hang,10lbs,2x10s*,,
2025-07-29,Back,weighted pullups,,15lbs,2x4,,
2025-07-29,More!,academy: 50 pushups,,,,,
2025-07-29,Back,neutral pulldowns,,140lbs,2x9,,
2025-07-29,More!,academy: 50 squats,,,,,
2025-07-29,Back,back extension,,30lbs,"20,22",,
2025-07-29,More!,academy: 50 up downs,,,,,
2025-07-29,More!,academy: 50 lunges,,,,,
2025-07-30,Arms,ez bar curls,ez-bar-curls,52lbs,"9,2x10",2,
2025-07-30,Back,lat pullaround,lat-pullaround,57.5lbs,4x10,2,
2025-07-30,Chest,sa pushups,,,2x5,2,
2025-07-30,Shoulders,sa reverse cable fly,,2/15lbs,3x15,2,
2025-07-30,Back,sideways single arm pulldown,,42.5lbs,2x15,,
2025-07-31,Arms,tricep forward extension,,15lbs,2x12,,
2025-07-31,Back,sa cable row (serratus anterior),,62.5lbs,2x15,,
2025-07-31,Chest,heavy hold,,165lbs,2x15s,,
2025-07-31,Legs,sl leg extension - L,,"60,75,90lbs",3x15,,
2025-07-31,Shoulders,cable lateral raise,cable-lateral-raise,7.5lbs,2x15,,
2025-07-31,Arms,tricep overhead extension,,35lbs,2x10,,
2025-07-31,Back,sa cable row (full rom),,62.5lbs,2x12,,
2025-07-31,Chest,bb bench,,135lbs,"5,3,5,2",,
2025-07-31,Legs,sl leg extension - R,,"80,95,110lbs",3x15,,
2025-07-31,Shoulders,overhead press,overhead-press,70lbs,"8,9,8",,
2025-07-31,Back,weighted pullups,,"15,10,0lbs","4,5,8",,
2025-08-01,Legs,tb deadlift,,"2x280,265,245",4x1,,
2025-08-01,Legs,sl front squat,,65lbs,3x12,,
2025-08-01,Legs,zercher squats,zercher-squats,95lbs,3x12,,
2025-08-01,Legs,step ups,step-ups,85lbs,3x12,,
2025-08-01,Legs,sl seated hamstring curl,,50lbs,3x15,,
2025-08-02,Arms,bayesian cable curls,bayesian-cable-curls,"2x2/20,2x2/15","9,8,15,11",,
2025-08-02,Legs,bb rdl,,155lbs,3x8,,
2025-08-02,Shoulders,db t-raises,db-t-raises,"2/15,2x2/17.5,2/15","15,2x12,15",,
2025-08-02,Arms,tricep forward extension,,"15,2x17.5","2x15,10",,
2025-08-02,Legs,sl rdl,,45lbs,15,,
2025-08-02,Arms,tricep overhead extension,,30lbs,10,,
2025-08-04,Arms,sa dead hang,sa-dead-hang,10lbs,2x15s,,
2025-08-04,Back,pullups,pullups,"0,10lbs","8,3",,
2025-08-04,Chest,sa pushups,,,5,,
2025-08-04,Legs,nordic curls,nordic-curls,15lbs,2x10,,
2025-08-04,Back,back extension,,30lbs,2x20,,
2025-08-04,Chest,deficit pushups w/ 1s hold,,,10,,
2025-08-06,Back,sideways single arm pulldown,,50lbs,"6,8",,
2025-08-06,Chest,sa pushups,,,3,,
2025-08-06,Legs,sl leg extension - L,,"30,60lbs","15,8",,
2025-08-06,Shoulders,sa reverse cable fly,,"2x2/15,2/10","2x10,15",,
2025-08-07,Arms,reverse curls,reverse-curls,52lbs,3x10,,
2025-08-07,Back,pullups,pullups,,"8,10",,
2025-08-07,Chest,bb bench,,135lbs,"1,2",,
2025-08-07,Shoulders,db shoulder press,db-shoulder-press,2/35lbs,4x12,,
2025-08-07,Back,face pulls,face-pulls,"42.5,50,57.5lbs","2x12,15",,
2025-08-07,Chest,speed bench,,95lbs,3x9,,
2025-08-07,Shoulders,half kneeling lm press,,45lbs,3x15,,
2025-08-07,Chest,low-high cable fly,,2/20lbs,2x10,,
2025-08-07,Shoulders,upright rows,,"42.5,2x50","15,2x10",,
2025-08-08,Arms,tricep forward extension,,17.5lbs,3x10,,
2025-08-08,Back,sa cable row (serratus anterior),,70lbs,2x10,,
2025-08-08,Arms,tricep overhead extension,,35lbs,"2x10,12",,
2025-08-08,Back,sa cable row (full rom),,70lbs,2x8,,
2025-08-09,Back,back extension,,30lbs,2x25,,
2025-08-09,Legs,back squats,,"135,155,3x165,135","10,6,3x3,10",,
2025-08-09,Legs,sl front squat,,"65,2x75","12,2x10",,
2025-08-09,Legs,tb staggered stance split squats,,95lbs,3x10,,
2025-08-09,Legs,sl seated hamstring curl,,"60,55lbs","8,2x12",,
2025-08-10,Arms,suitcase carry,suitcase-carry,65lbs,2x45s,,
2025-08-11,Arms,tricep forward extension,,20lbs?,"20,15",,
2025-08-11,Back,pullups,pullups,"2x10,0","2x4,5",,
2025-08-11,Chest,bb bench,,"3x135,115","*4,5,3,9,10",,
2025-08-11,Shoulders,overhead press,overhead-press,"70,3x65","6,2x10,8",,
2025-08-11,Arms,tricep overhead extension,,"30,35lbs","13,10",,
2025-08-11,Back,sa cable row (serratus anterior),,70lbs,2x12,,
2025-08-11,Chest,dips,dips,15lbs,"7,6,5",,
2025-08-11,Arms,preacher curls,preacher-curls,"25,30lbs","12,5",,
2025-08-11,Back,sa cable row (full rom),,70lbs,2x10,,
2025-08-13,Legs,bb rdl,,155lbs,"2x10,12",,
2025-08-13,Legs,sl rdl,,50lbs,10,,
2025-08-13,Legs,nordic curls,nordic-curls,"0,2x15","15,2x10",,
2025-08-14,Back,pullups,pullups,,"8,10",,
2025-08-14,Chest,speed bench,,95lbs,3x9,,
2025-08-14,Shoulders,db shoulder press,db-shoulder-press,"3x2/40,2/30","10,9,8,15",,
2025-08-14,Back,sa pulldowns,,50lbs,2x12,,
2025-08-14,Chest,sa pushups,,,2x5,,
2025-08-14,Shoulders,half kneeling lm press,,50lbs,3x12,,
2025-08-14,Back,db y-raises,db-y-raises,2/12.5lbs,"10,12",,
2025-08-14,Chest,low-high cable fly,,2/20lbs,2x12,,
2025-08-14,Shoulders,sa reverse cable fly,,2/15lbs,2x12,,
2025-08-15,Arms,sa dead hang,sa-dead-hang,10lbs,2x20s,,
2025-08-15,Back,back extension,,35lbs,2x20,,
2025-08-15,Legs,back squats,,"2x135,115","10,8",,
2025-08-15,Legs,sl seated hamstring curl,,55lbs,"12,2x15",,
2025-08-18,Arms,tricep forward extension,,15lbs,"15,12",,
2025-08-18,Back,pullups,pullups,10lbs,"2x5,4",,
2025-08-18,Chest,heavy hold,,165lbs,2x15s,,
2025-08-18,Shoulders,overhead press,overhead-press,"65,3x75","12,2x7,6",,
2025-08-18,Arms,tricep overhead extension,,30lbs,"11,10",,
2025-08-18,Chest,bb bench,,"4x135,115","5,5*,5,5*,8",,
2025-08-20,Arms,suitcase carry,suitcase-carry,65lbs,"45s,40s",,majorly modified workout. yesterday's 6 hr hike doing dyer-crystal loop has my top end strength zapped and getting dizzy after first set of RDLs
2025-08-20,Legs,bb rdl,,155lbs,12,,majorly modified workout. yesterday's 6 hr hike doing dyer-crystal loop has my top end strength zapped and getting dizzy after first set of RDLs
2025-08-20,Legs,sl rdl,,50lbs,10,,
2025-08-21,Back,bw pullups,,,2x10*,,
2025-08-21,Chest,speed bench,,95lbs,3x9,,
2025-08-21,Legs,sl lying leg curl,,"25,2x30",3x12,,
2025-08-21,Shoulders,sm shoulder press,,"50,2x70,60","10,8,7,9",,
2025-08-21,Back,rear delt flys,,2/20lbs,2x15,,
2025-08-21,Shoulders,half kneeling lm press,,50lbs,3x15,,
2025-08-21,Shoulders,upright rows,,50lbs,3x10,,
2025-08-23,Arms,reverse curls,reverse-curls,52lbs,"12,2x15",,
2025-08-23,Back,sa pulldowns,,50lbs,2x15,,
2025-08-23,Chest,sa pushups,,,2x5,,
2025-08-23,Shoulders,sa reverse cable fly,,2/15lbs,2x15,,
2025-08-23,Chest,sm incline bench,,70lbs,2x10,,
2025-08-25,Arms,tricep forward extension,,15lbs,2x12,,
2025-08-25,Back,weighted pullups,,10lbs,3x4,,
2025-08-25,Chest,bb bench,,135lbs,"4x5,2x10",,
2025-08-25,Shoulders,overhead press,overhead-press,"2x75,2x65","7,5,11,9",,
2025-08-25,Arms,tricep overhead extension,,30lbs,"10,8",,
2025-08-25,Back,sa cable row (serratus anterior),,70lbs,"15,12",,
2025-08-25,Arms,ez bar curls,ez-bar-curls,52lbs,3x10,,
2025-08-25,Back,sa cable row (full rom),,70lbs,2x10,,
2025-08-26,Arms,arms w/ Leadville fire,,,,,
2025-08-27,Legs,bb rdl,,155lbs,3x12,,
2025-08-27,Legs,sl rdl,,50lbs,12,,
2025-08-27,Legs,nordic curls,nordic-curls,,"10,12,15",,
2025-08-28,Back,bw pullups,,,"8,6",,
2025-08-28,Chest,speed bench,,105lbs,3x9,,
2025-08-28,Legs,leg extension - L,,"50,70,90lbs","24,15,10",,
2025-08-28,Shoulders,db shoulder press,db-shoulder-press,2/40lbs,"3x10,8",,
2025-08-28,Back,sa pulldowns,,57.5lbs,2x10,,
2025-08-28,Chest,sa pushups,,,2x5,,
2025-08-28,Shoulders,half kneeling lm press,,55lbs,4x12,,
2025-08-28,Back,face pulls,face-pulls,65lbs,3x10,,
2025-08-28,Chest,low-high cable fly,,2/20lbs,2x12,,
2025-08-28,Shoulders,sa reverse cable fly,,2/17.5lbs,2x12,,
2025-08-28,Shoulders,upright rows,,50lbs,3x12,,
2025-08-29,Back,Jefferson curls,,40lbs,"10,2x15",,
2025-08-29,Legs,sl front squat,,75lbs,3x12,,
2025-08-29,Legs,sl lying leg curl,,30lbs,3x15,,
2025-09-01,Arms,tricep forward extension,,15lbs,2x12,,
2025-09-01,Back,weighted pullups,,15lbs,3x3,,
2025-09-01,Chest,bench,,"4x145,115","4x3,10,12",,
2025-09-01,Shoulders,overhead press,overhead-press,75lbs,"7,2x6,5",,
2025-09-01,Arms,tricep overhead extension,,30lbs,"10,9",,
2025-09-01,Back,sa cable row (serratus anterior),,70lbs,2x15,,
2025-09-01,Chest,weighted dips,,15lbs,"6,8,7",,
2025-09-01,Back,sa cable row (full rom),,70lbs,2x12,,
2025-09-02,Arms,suitcase carry,suitcase-carry,65lbs,"45,40s",,
2025-09-02,Legs,bb rdl,,165lbs,3x8,,
2025-09-02,Shoulders,lateral raises,,2/20lbs,3x15,,
2025-09-02,Arms,preacher curls,preacher-curls,25lbs,3x10,,
2025-09-02,Legs,sl rdl,,50lbs,15,,
2025-09-02,Legs,nordic curls,nordic-curls,"0,2x15","15,10,12",,
2025-09-03,Back,light pullups,,"0,5lbs","7,5",,
2025-09-03,Chest,speed bench,,105lbs,3x6,,
2025-09-03,Shoulders,db shoulder press,db-shoulder-press,"2x2/40,2x2/35","2x6,2x10",,
2025-09-03,Back,sa pulldowns,,57.5lbs,2x10,,
2025-09-03,Chest,sa pushups,,,5,,
2025-09-03,Shoulders,half kneeling lm press,,55lbs,3x15,,
2025-09-03,Back,rear delt flys,,2/25lbs,3x12,,
2025-09-03,Chest,sm incline bench,,"70,2x80","12,2x8",,
2025-09-03,Shoulders,upright rows,,57.5lbs,3x10,,
2025-09-03,Shoulders,sa reverse cable fly,,2/17.5lbs,2x15,,
2025-09-05,Legs,sl front squat,,85lbs,"2x10,12",,
2025-09-05,Legs,zercher squats,zercher-squats,"105,2x115,135,155","2x10,5,3",,
2025-09-05,Legs,lunges,,70lbs,12,,
2025-09-05,Legs,SS tb deadlift,,"135,2x185","25,15,10",,
2025-09-05,Legs,SS jump squats,,2/20lbs,3x10,,
2025-09-08,Arms,tricep forward extension,,15lbs,2x15,,
2025-09-08,Back,weighted pullups,,15lbs,3x3,,
2025-09-08,Chest,bench,,"4x145,2x125","2x3,4,3,2x8",,
2025-09-08,Shoulders,db shoulder press,db-shoulder-press,2/40lbs,"8,2x9,8",,
2025-09-08,Arms,tricep overhead extension,,30lbs,"11,8",,
2025-09-08,Back,sa cable row (serratus anterior),,77.5lbs,2x10,,
2025-09-08,Back,sa cable row (full rom),,77.5lbs,8,,
2025-09-09,Chest,weighted dips,,15lbs,"8,10,8",,
2025-09-09,Legs,bb rdl,,165lbs,3x10,,
2025-09-09,Legs,sl rdl,,60lbs,10,,
2025-09-09,Legs,sl lying leg press,,"70,2x80","12,2x10",,
2025-09-10,Back,bw pullups,,,"8,9",,
2025-09-10,Chest,speed bench,,105lbs,3x9,,
2025-09-10,Legs,bulgarian split squat + hops,,45lbs,3x10,,
2025-09-10,Shoulders,overhead press,overhead-press,"65,75,3x80,65","8,6,3x4,8",,
2025-09-10,Back,sa pulldowns,,57.5lbs,"12,10",,
2025-09-10,Chest,sa pushups,,,"5,6",,
2025-09-10,Shoulders,half kneeling lm press,,60lbs,3x10,,
2025-09-10,Chest,low-high cable fly,,2/20lbs,"10,9",,
2025-09-10,Shoulders,upright rows,,57.5lbs,3x12,,
2025-09-10,Shoulders,sa reverse cable fly,,20lbs,2x10,,
2025-09-12,Arms,sa dead hang,sa-dead-hang,13lbs,2x15s,,"once again almost bitched out due to soreness... did it anyway, PRed left and right."
2025-09-12,Legs,sl front squat + bulgarian hops,,65lbs,10,,"once again almost bitched out due to soreness... did it anyway, PRed left and right."
2025-09-12,Legs,sl front squat,,85lbs,2x12,,
2025-09-12,Legs,zercher squats,zercher-squats,115lbs,"2x10,12",,
2025-09-12,Legs,step ups + step up plyos,,2/25lbs,"10,12,15",,
2025-09-12,Legs,tb deadlift + tuck jumps,,185lbs,"2x12,13",,
2025-09-12,Legs,sl seated hamstring curl,,60lbs,3x10,,
2025-09-13,Arms,ez bar curls,ez-bar-curls,52lbs,"12,11,10",,
2025-09-13,Back,face pulls,face-pulls,65lbs,"15,12,11",,
2025-09-13,Chest,sm incline bench,,80lbs,3x9,,
2025-09-13,Shoulders,db lateral raises,,2/22.5lbs,3x12,,
2025-09-13,Arms,reverse curls,reverse-curls,52lbs,3x15*,,
2025-09-15,Back,weighted pullups,,15lbs,3x3,,
2025-09-15,Chest,bench,,"4x145,2x125","4,5,2,4,8,10",,
2025-09-15,Shoulders,db shoulder press,db-shoulder-press,2/40lbs,"3x10,8",,
2025-09-16,Arms,tricep forward extension,,17.5lbs,"15,12",,
2025-09-16,Back,sa cable row (serratus anterior),,77.5lbs,10,,
2025-09-16,Legs,bb rdl,,165lbs,2x8,,
2025-09-16,Arms,tricep overhead extension,,30lbs,10,,
2025-09-16,Back,sa cable row (full rom),,77.5lbs,6,,
2025-09-16,Legs,sl rdl,,60lbs,12*,,
2025-09-16,Legs,sl lying leg press,,80lbs,10,,
2025-09-17,Chest,weighted dips,,20lbs,2x6,,
2025-09-18,Back,bw pullups,,,"8,2x6",,
2025-09-18,Chest,speed bench,,105lbs,3x9,,
2025-09-18,Shoulders,overhead press,overhead-press,"65,4x80,65","10,4x5,10",,
2025-09-18,Back,sa pulldowns,,57.5lbs,"10,8",,
2025-09-18,Chest,sa pushups - R,,,7,,
2025-09-18,Shoulders,half kneeling lm press,,60lbs,3x12,,
2025-09-18,Chest,low-high cable fly,,2/20lbs,"10,11",,
2025-09-18,Shoulders,ez bar upright rows,,62lbs,3x12,,
2025-09-18,Shoulders,sa reverse cable fly,,20lbs,"12,10",,
2025-09-19,Arms,sa dead hang,sa-dead-hang,18lbs,2x10s,,
2025-09-19,Legs,sl front squat - L,,95lbs,3x8,,
2025-09-19,Legs,zercher squats,zercher-squats,115lbs,3x12,,
2025-09-19,Legs,tb deadlift + tuck jumps,,185lbs,3x15,,
2025-09-19,Legs,lunges + plyo lunges,,65lbs,"12,13,15",,
2025-09-19,Legs,sl seated hamstring curl,,60lbs,3x10,,
2025-09-20,Arms,preacher curls,preacher-curls,25lbs,"15,2x12",,
2025-09-20,Back,rear delt flys,,2/30lbs,3x10,,
2025-09-20,Shoulders,db lateral raises,,2/25lbs,3x9,,
2025-09-22,Back,bw pullups,,,"8,2x6,5",,
2025-09-22,Chest,bench,,"4x145,2x125","4x5,10,12",,
2025-09-22,Legs,nordic curls*,nordic-curls,,3x10,,
2025-09-22,Shoulders,db shoulder press,db-shoulder-press,2/40lbs,4x12,,
2025-09-23,Arms,tricep forward extension,,15lbs,"15,12",,
2025-09-23,Back,sa cable row (serratus anterior),,75lbs,2x15,,
2025-09-23,Legs,bb rdl,,165lbs,3x12,,
2025-09-23,Arms,tricep overhead extension,,30lbs,"10,8",,
2025-09-23,Back,sa cable row (full rom),,75lbs,2x10,,
2025-09-23,Legs,sl lying leg press,,"80,2x70","6,2x12",,
2025-09-23,Legs,sl rdl,,60lbs,15*,,
2025-09-24,Back,lat high row machine,,"55,70,2x80","15,3x12",,
2025-09-24,Chest,speed bench,,115lbs,"9,2x7",,
2025-09-24,Shoulders,overhead press,overhead-press,"65,4x85,65","12,4,3x3,12",,
2025-09-24,Back,sa pulldowns,,57.5lbs,2x12,,
2025-09-24,Shoulders,neutral grip sa shoulder press,,35lbs,"10,2x12",,
2025-09-24,Shoulders,ez bar upright rows,,70lbs,3x10,,
2025-09-24,Shoulders,sa reverse cable fly,,20lbs,2x12,,
2025-09-26,Legs,sl front squat,,95lbs,3x10,,
2025-09-26,Legs,zercher squats,zercher-squats,125lbs,3x8,,
2025-09-26,Legs,heels elevated back squat + tuck jumps,,135lbs,3x10,,
2025-09-26,Legs,step ups + step up plyos,,2/30lbs,3x10,,
2025-09-26,Legs,sl seated hamstring curl,,60lbs,"2x12,15",,
2025-09-27,Back,weighted pullups,,15lbs,"2x3,2",,
2025-09-27,Chest,sm incline bench,,80lbs,3x10,,
2025-09-27,Shoulders,db lateral raises,,2/25lbs,3x12,,
2025-09-27,Back,face pulls,face-pulls,70lbs,3x11,,
2025-09-29,Back,bw pullups,,,"10,9,6",,
2025-09-29,Chest,bench,,"4x155,2x135","3x3,2,8,7",,
2025-09-29,Legs,nordic curls,nordic-curls,"0,2x15","12,2x10",,
2025-09-29,Shoulders,db shoulder press,db-shoulder-press,"2x2/45,2x2/40","10,8,9,8",,
2025-09-30,Arms,tricep forward extension,,17.5lbs,2x15,,
2025-09-30,Back,sa cable row (serratus anterior),,80lbs,2x10,,
2025-09-30,Chest,weighted dips,,20lbs,3x6,,
2025-09-30,Legs,bb rdl,,175lbs,3x10,,
2025-09-30,Back,sa cable row (full rom),,80lbs,"8*,6*",,
2025-09-30,Legs,sl lying leg press,,"80,2x90","12,10,12",,
2025-09-30,Legs,sl rdl,,60lbs,15,,
2025-10-02,Arms,reverse curls,reverse-curls,52lbs,3x15,,
2025-10-02,Back,lat pullaround,lat-pullaround,57.5lbs,"10,2x12",,
2025-10-02,Chest,speed bench,,115lbs,"2x9,6",,
2025-10-02,Legs,sl seated hamstring curl,,65lbs,3x10,,
2025-10-02,Shoulders,overhead press,overhead-press,"65,4x85,65","12,2,3x3,13",,
2025-10-02,Back,sa pulldowns,,65lbs,"5,6",,
2025-10-02,Chest,sa pushups,,,2x5,,
2025-10-02,Shoulders,half kneeling sa lm press,,65lbs,"9,2x8",,
2025-10-02,Shoulders,ez bar upright rows,,72lbs,"10,11,10",,
2025-10-02,Shoulders,sa reverse cable fly,,22.5lbs,2x10,,
2025-10-03,Legs,sl front squat,,95lbs,3x12,,
2025-10-03,Legs,zercher squats,zercher-squats,125lbs,3x10,,
2025-10-03,Legs,tb deadlift + tuck jumps,,195lbs,"12,2x10",,
2025-10-03,Legs,lunges + plyo lunges,,75lbs,"2x12,10",,
2025-10-04,Arms,ez bar curls,ez-bar-curls,52lbs,"13,2x12",,
2025-10-04,Back,weighted pullups,,15lbs,"3,2x4",,
2025-10-04,Shoulders,db lateral raises,,2/25lbs,3x12,,
2025-10-04,Arms,sa dead hang,sa-dead-hang,26lbs,2x15s,,
2025-10-04,Back,rear delt flys,,2/30lbs,3x12,,
2025-10-06,Back,bw pullups,,,"10,8,7",,
2025-10-06,Chest,bench,,"4x155,2x135","3,4,3,2,9,7",,
2025-10-06,Legs,nordic curls,nordic-curls,"10,2x15","2x12,15",,
2025-10-06,Shoulders,db shoulder press,db-shoulder-press,"3x2/40,2/35","12,10,7,8",,
2025-10-07,Arms,tricep forward extension,,20lbs,2x12,,
2025-10-07,Back,sa cable row (serratus anterior),,80lbs,2x12,,
2025-10-07,Chest,weighted dips,,20lbs,3x8,,
2025-10-07,Legs,bb rdl,,175lbs,3x12,,
2025-10-07,Arms,skullcrushers,skullcrushers,42lbs,2x12,,
2025-10-07,Back,sa cable row (full rom),,75lbs,2x12,,
2025-10-07,Legs,hack squat,,"170,180,190,200lbs",4x12,,
2025-10-07,Legs,sl rdl,,65lbs,10*,,
2025-10-09,Back,lat pullaround,lat-pullaround,65lbs,3x8,,
2025-10-09,Chest,speed bench,,115lbs,3x9,,
2025-10-09,Shoulders,overhead press,overhead-press,"65,4x85,75","12,2x4,2x2,8",,
2025-10-09,Back,sa pulldowns,,65lbs,2x8,,
2025-10-09,Shoulders,half kneeling sa lm press,,65lbs,"2x11,10",,
2025-10-09,Shoulders,ez bar upright rows,,72lbs,3x12,,
2025-10-09,Shoulders,sa reverse cable fly,,22.5lbs,2x12,,
2025-10-10,Arms,ez bar curls,ez-bar-curls,52lbs,3x15,,
2025-10-10,Back,weighted pullups,,15lbs,3x4,,
2025-10-10,Legs,sl front squat,,105lbs,"9,10,11",,
2025-10-10,Shoulders,db lateral raises,,2/25lbs,4x15,,
2025-10-10,Arms,sa dead hang,sa-dead-hang,31lbs,"12,10s",,
2025-10-10,Back,face pulls,face-pulls,72.5lbs,3x12,,
2025-10-10,Legs,zercher squats,zercher-squats,125lbs,3x12,,
2025-10-10,Legs,tb deadlift + tuck jumps,,195lbs,3x15,,
2025-10-10,Legs,sl lying leg press,,"90,2x100",3x12,,
2025-10-10,Legs,sl seated hamstring curl,,65lbs,3x12,,
2025-10-13,Back,bw pullups,,,"8,6,5,6",,
2025-10-13,Chest,bench,,"4x155,2x135","2x5,3,4,8,6",,
2025-10-13,Shoulders,db shoulder press,db-shoulder-press,2/40lbs,"10,9,8,5",,
2025-10-14,Arms,tricep forward extension,,22.5lbs,2x10,,
2025-10-14,Back,sa cable row (serratus anterior),,80lbs,2x15,,
2025-10-14,Chest,weighted dips,,25lbs,"6,2x7",,
2025-10-14,Legs,bb rdl,,185lbs,"10,9,8",,
2025-10-14,Arms,skullcrushers,skullcrushers,52lbs,"15,20",,
2025-10-14,Back,sa cable row (full rom),,80lbs,2x8,,
2025-10-14,Legs,heels elevated front squat,,"115,3x135","12,2x10,9",,
2025-10-14,Legs,sl rdl,,65lbs,15,,
2025-10-16,Back,lat pullaround,lat-pullaround,65lbs,3x10,,
2025-10-16,Chest,speed bench,,115lbs,3x9,,
2025-10-16,Shoulders,overhead press,overhead-press,"4x85,75","4x5,11",,
2025-10-16,Back,sa pulldowns,,65lbs,"10,8",,
2025-10-16,Chest,sa pushups,,,2x5,,
2025-10-16,Shoulders,half kneeling sa lm press,,65lbs,3x10,,
2025-10-16,Shoulders,ez bar upright rows,,77lbs,3x10,,
2025-10-16,Shoulders,sa reverse cable fly,,"22.5,25lbs","12,3",,
2025-10-17,Legs,sl front squat,,105lbs,3x12,,
2025-10-17,Legs,zercher squats,zercher-squats,135lbs,3x10,,
2025-10-17,Legs,tb deadlift + tuck jumps,,205lbs,"10,11,10",,
2025-10-17,Legs,bench step ups + step up plyos,,65lbs,"10,2x12",,
2025-10-17,Legs,sm lengthened partials,sm-lengthened-partials,90lbs,"10,9,3x10,8,10",,
2025-10-17,Legs,sl seated hamstring curl,,65lbs,3x15,,
2025-10-21,Back,sa incline row,,45lbs,3x12,,
2025-10-21,Chest,speed bench,,115lbs,3x8,,
2025-10-21,Shoulders,overhead press,overhead-press,"4x90,80","2x4,2x3,7",,
2025-10-21,Chest,weighted dips,,25lbs,"6,5,3",,
2025-10-21,Shoulders,half kneeling sa lm press,,65lbs,3x12,,
2025-10-23,Legs,sl front squat,,115lbs,"2x9,10",,
2025-10-23,Legs,zercher squats,zercher-squats,135lbs,3x12,,
2025-10-23,Legs,sl lying leg press,,110lbs,"2x8,12",,
2025-10-23,Legs,tb deadlift + tuck jumps,,205lbs,"2x10,15",,
2025-10-23,Legs,lunges + plyo lunges,,75lbs,3x15,,
2025-10-23,Legs,lm curtsy lunge w/ knee drive + sl 180deg rotational hops,,"65,70,80lbs","15,10,15",,
2025-10-23,Legs,sl lying hamstring curl,,"35,45,55lbs","2x15,10",,
2025-10-24,Back,bw pullups,,,"11,9,6",,
2025-10-24,Chest,bench,,"4x155,2x135","4,2x3,4,2x8",,
2025-10-24,Back,sa cable row (serratus anterior),,85lbs,"12,10",,
2025-10-24,Chest,low-high cable fly,,2/20lbs,3x12,,
2025-10-24,Back,sa cable row (full rom),,80lbs,"10,8",,
2025-10-25,Back,rear delt flys,,2/35lbs,"10,9,10",,
2025-10-25,Shoulders,db shoulder press,db-shoulder-press,2/40lbs,"11,10,12,10",,
2025-10-25,Shoulders,db lateral raises,,2/30lbs,"2x10,9",,
2025-10-25,Shoulders,db t-raises,db-t-raises,2/25lbs,10,,
2025-10-26,Arms,tricep forward extension,,20lbs?,"15,10",,
2025-10-26,Back,sa pulldowns,,50lbs?,2x10,,
2025-10-26,Chest,kettlebell pushups (fast up slow down),,,2x15,,
2025-10-26,Legs,bb rdl,,185lbs,3x10,,
2025-10-26,Shoulders,sa reverse cable fly,,20lbs?,"10,8",,
2025-10-26,Arms,tricep kickback,tricep-kickback,20lbs?,2x12,,
2025-10-26,Legs,sl rdl,,70lbs,10*,,
2025-10-28,Back,wide grip pullups,,,"6,2x5",,
2025-10-28,Chest,speed bench,,115lbs,"8,2x9",,
2025-10-28,Shoulders,overhead press,overhead-press,"3x90,80","3x3,7",,
2025-10-28,Back,face pulls,face-pulls,80lbs,3x10,,
2025-10-31,Back,sa cable row (serratus anterior),,85lbs,15,,
2025-10-31,Chest,bench,,"4x155,2x135","4x4,10,6",,
2025-10-31,Back,sa cable row (full rom),,80lbs,3x10,,
2025-10-31,Chest,weighted dips,,25lbs,"8,7,6",,
2025-11-01,Arms,tricep forward extension,,22.5lbs,3x12,,
2025-11-01,Back,wide grip pullups,,,3x6,,
2025-11-01,Legs,bb rdl,,185lbs,3x12,,
2025-11-01,Shoulders,cable lateral raise,cable-lateral-raise,10lbs,"3x15,10,5",,
2025-11-01,Legs,sl rdl,,70lbs,10,,
2025-11-02,Legs,sl front squat,,115lbs,3x10,,
2025-11-02,Legs,zercher squats,zercher-squats,145lbs,3x8,,
2025-11-02,Legs,hack squat,,280lbs,3x8,,
2025-11-03,Legs,nordic curls,nordic-curls,15lbs,3x15,,
2025-11-04,Arms,reverse curls,reverse-curls,"52,2x57","15,12,15",,
2025-11-04,Back,wide grip pullups,,,"7,6,4",,
2025-11-04,Chest,speed bench,,"115,2x135","9,2x6",,
2025-11-04,Shoulders,overhead press,overhead-press,"4x90,80","4x5,8",,
2025-11-04,Back,rear delt flys,,2/35lbs,3x12,,
2025-11-04,Shoulders,db shoulder press,db-shoulder-press,2/40lbs,"12,11,9",,
2025-11-05,Legs,tb deadlift + tuck jumps,,205lbs,3x15,,
2025-11-05,Legs,bench step ups + step up plyos,,65lbs,"12,2x15",,
2025-11-05,Legs,lateral squats + skater hops,,"65,75lbs","15,2x10",,
2025-11-05,Legs,sl seated hamstring curl,,70lbs,"8,10,8",,
2025-11-07,Back,sa cable row (serratus anterior),,90lbs,10,,
2025-11-07,Chest,bench,,"4x155,2x135","4x5,9,6",,
2025-11-07,Back,sa cable row (full rom),,80lbs,"2x12,12*",,
2025-11-07,Chest,weighted dips,,25lbs,"2x8,5",,
2025-11-08,Arms,tricep forward extension,,25lbs,3x8,,
2025-11-08,Back,wide grip pullups,,,"9,2x6",,
2025-11-08,Shoulders,cable lateral raise,cable-lateral-raise,12.5lbs,"11,12,13,12",,
2025-11-09,Arms,ez bar curls,ez-bar-curls,57lbs,"10,11,10",,
2025-11-09,Legs,front squat,front-squat,135lbs,3x12,,
2025-11-09,Legs,sm sissy squats,,20lbs,"2x10,12",,
2025-11-09,Legs,seated hamstring curl,seated-hamstring-curl,"140,2x120","8,2x10",,
2025-11-10,Legs,nordic curls,nordic-curls,20lbs,3x10,,
2025-11-11,Arms,reverse curls,reverse-curls,62lbs,"10,2x12",,
2025-11-11,Back,wide grip pullups,,,3x7,,
2025-11-11,Chest,speed bench,,135lbs,"6,5,6",,
2025-11-11,Shoulders,overhead press,overhead-press,95lbs,"2x2,2x1",,
2025-11-11,Arms,skullcrushers,skullcrushers,"62,72,2x82","15,20,13,12",,
2025-11-11,Back,face pulls,face-pulls,80lbs,3x12,,
2025-11-11,Shoulders,cable lateral raise,cable-lateral-raise,12.5lbs,3x15,,
2025-11-13,Legs,tb deadlift + tuck jumps,,215lbs,"2x10,12",,
2025-11-13,Legs,lunges + plyo lunges,,85lbs,3x10,,
2025-11-13,Legs,lm curtsy lunge w/ knee drive + sl 180deg rotational hops,,80lbs,3x10,,
2025-11-14,Back,sa cable row (serratus anterior),,90lbs,12,,
2025-11-14,Chest,bench,,"4x165,2x135","4x3,7,6",,
2025-11-14,Shoulders,sa reverse cable fly,,20lbs,"10,8",,
2025-11-14,Back,sa cable row (full rom),,85lbs,3x8,,
2025-11-14,Chest,weighted dips,,25lbs,"8,7,6",,
2025-11-14,Chest,sm incline bench,,80lbs,"2x10,8",,
2025-11-14,Chest,db flys,,2/30lbs,"2x10,8",,
2025-11-15,Arms,ez bar curls,ez-bar-curls,57lbs,3x12,,
2025-11-15,Legs,bb rdl,,195lbs,3x12,,
2025-11-15,Shoulders,cable lateral raise,cable-lateral-raise,15lbs,"10,2x8,7",,
2025-11-15,Legs,sl rdl,,70lbs,15,,
2025-11-16,Legs,sl front squat,,115lbs,3x12,,
2025-11-16,Legs,zercher squats,zercher-squats,145lbs,3x10,,
2025-11-16,Legs,hack squat,,280lbs,3x9,,
2025-11-17,Legs,nordic curls,nordic-curls,20lbs,3x12,,
2025-11-18,Back,wide grip pullups,,,"5,4,2",,
2025-11-18,Chest,speed bench,,135lbs,"2x6,5",,
2025-11-18,Shoulders,overhead press,overhead-press,"4x95,85","3,2x1,0,4",,
2025-11-18,Back,rear delt deck,,"2x70,2x80","8,12,2x9",,
2025-11-18,Chest,machine chest press,machine-chest-press,"2/60,2/70,3x2/80","3x12,11,12",,
2025-11-18,Back,sa decline lat row machine,,"80,90,100,2x90","2x12,8,2x10",,
2025-11-19,Arms,reverse curls,reverse-curls,62lbs,3x10,,
2025-11-19,Legs,sl seated hamstring curl,,70lbs,3x12,,
2025-11-19,Legs,tb deadlift + tuck jumps,,215lbs,"2x10,12",,
2025-11-19,Legs,bench step ups + step up plyos,,75lbs,3x10,,
2025-11-19,Legs,lateral squats + skater hops,,75lbs,3x10,,
2025-11-21,Back,t bar row,,"45,2x55","12,2x10",,
2025-11-21,Chest,bench,,"165,155,2x160,2x135","3,5,4,3,8,7",,
2025-11-21,Shoulders,shoulder press machine,,"90,2x85","2x8,10",,
2025-11-21,Back,sa incline row machine,,"65,2x75","12,10,8",,
2025-11-21,Chest,weighted dips,,25lbs,"8,2x4",,
2025-11-21,Back,standing lat pullaround,,55lbs,4x8,,
2025-11-22,Legs,bb rdl,,205lbs,"9,10,8",,
2025-11-22,Legs,sl rdl,,75lbs,12,,
2025-11-22,Legs,sm lengthened partials,sm-lengthened-partials,"2x90,2x100","7,10,9,8",,
2025-11-22,Legs,sl lying leg press,,"2x90,100","10,12,8",,
2025-11-23,Arms,ez bar curls,ez-bar-curls,62lbs,3x8,,
2025-11-23,Back,wide grip pullups,,,"2x6,2x4,5",,
2025-11-23,Legs,sl front squat,,125lbs,3x8,,
2025-11-23,Shoulders,cable lateral raise,cable-lateral-raise,15lbs,"12,3x12*",,
2025-11-23,Arms,tricep forward extension,,25lbs,"2x10,9",,
2025-11-25,Arms,reverse curls,reverse-curls,62lbs,3x12,,
2025-11-25,Back,wide grip pullups,,,"4,3,4",,
2025-11-25,Chest,legs up bench,,135lbs,"6,7,7",,
2025-11-25,Shoulders,db shoulder press,db-shoulder-press,2/40lbs,"12,9,8,6",,
2025-11-25,Back,sa incline row machine,,75lbs,3x12,,
2025-11-25,Shoulders,cable lateral raise,cable-lateral-raise,15lbs,2x12,,
2025-11-25,Back,t bar row,,55lbs,3x12,,
2025-11-25,Back,standing lat pullaround,,55lbs,3x10,,
2025-11-26,Legs,zercher squats,zercher-squats,145lbs,3x12,,
2025-11-26,Legs,tb deadlift + tuck jumps,,215lbs,3x12,,
2025-11-27,Arms,ez bar curls,ez-bar-curls,62lbs,3x10,,
2025-11-27,Back,wide grip pullups,,,"8,7,2x5",,
2025-11-27,Shoulders,cable lateral raise,cable-lateral-raise,15lbs,3x15,,
2025-11-28,Legs,nordic curls,nordic-curls,20lbs,2x10,,
2025-11-29,Legs,bb rdl,,205lbs,3x10,,
2025-11-29,Legs,sl rdl,,75lbs,10,,
2025-11-29,Legs,sl fully lying hamstring curl,,"30,2x35",3x12,,
2025-11-30,Back,sa decline lat row machine,,90lbs,3x12,,
2025-11-30,Chest,bench,,"4x160,2x135","5,5*,3,5*,9,8",,
2025-11-30,Back,rear delt deck,,80lbs,3x12,,
2025-11-30,Chest,machine chest press,machine-chest-press,"2/85,3x2/90",4x12,,
2025-11-30,Chest,db flys,,2/30lbs,3x12,,
2025-11-30,Chest,kb deficit pushups,,,3x10,,
2025-12-02,Back,wide grip pullups,,,3x5,,getting over stomach bug that laid me out ALL day yesterday
2025-12-02,Shoulders,db shoulder press,db-shoulder-press,2/40lbs,"7,3x8",,getting over stomach bug that laid me out ALL day yesterday
2025-12-02,Shoulders,cable lateral raise,cable-lateral-raise,15lbs,3x15,,
2025-12-03,Legs,sl front squat,,125lbs,3x10,,
2025-12-03,Legs,zercher squats,zercher-squats,155lbs,3x8,,
2025-12-03,Legs,lunges + plyo lunges,,85lbs,3x12,,
2025-12-03,Legs,lm curtsy lunge w/ knee drive,lm-curtsy-lunge-w-knee-drive,80lbs,3x12,,
2025-12-04,Arms,ez bar curls,ez-bar-curls,62lbs,"2x8,6",,
2025-12-04,Back,wide grip pullups,,,"6,4x5",,
2025-12-04,Chest,light bench,,135lbs,"7,8,7",,
2025-12-04,Shoulders,cable lateral raise,cable-lateral-raise,"17.5,2x20",3x15,,
2025-12-05,Legs,nordic curls,nordic-curls,20lbs,"10,15",,started majorly cramping in the neck during hamstring curls. probably dehydration from stomach bug earlier this week plus long sauna yesterday (nosebleed). think I ought to take it easy
2025-12-05,Legs,bb rdl,,205lbs,"6,2x8",,
2025-12-05,Legs,sl rdl,,75lbs,15*,,
2025-12-05,Legs,sl lying hamstring curl,,"55,50lbs",2x12,,
2025-12-07,Back,standing lat pullaround,,55lbs,3x12,,
2025-12-07,Chest,bench,,"4x160,2x135","4x5,10,8",,
2025-12-07,Shoulders,sa reverse cable fly,,20lbs,"12,9",,
2025-12-07,Back,t bar row,,60lbs,3x8,,
2025-12-07,Chest,weighted dips,,25lbs,"2x8,6",,
2025-12-09,Arms,reverse curls,reverse-curls,67lbs,"12,2x8",,
2025-12-09,Back,wide grip pullups,,,"8,8*,5",,
2025-12-09,Shoulders,db shoulder press,db-shoulder-press,2/40lbs,"8,9,2x7",,
2025-12-09,Back,sa incline row machine,,80lbs,"10,9,10",,
2025-12-09,Shoulders,cable lateral raise,cable-lateral-raise,20lbs,3x15,,
2025-12-09,Back,face pulls,face-pulls,80lbs,"9,8,10",,
2025-12-09,Back,standing lat pullaround,,60lbs,2x10,,
2025-12-10,Legs,sl front squat,,125lbs,3x12,,
2025-12-10,Legs,zercher squats,zercher-squats,155lbs,"2x9,8",,
2025-12-10,Legs,bench step ups + step up plyos,,75lbs,3x12,,
2025-12-10,Legs,lateral squats + skater hops,,75lbs,3x12,,
2025-12-10,Legs,heels elevated front squat,,135lbs,"2x8,11",,
2025-12-12,Back,wide grip pullups,,,"6,2x5,2x6",,
2025-12-12,Chest,legs up bench,,135lbs,"2x7,6",,
2025-12-12,Legs,nordic curls,nordic-curls,20lbs,2x10,,
2025-12-15,Legs,bb rdl,,205lbs,3x10,,
2025-12-15,Legs,sl rdl,,75lbs,12,,
2025-12-15,Legs,sl lying hamstring curl,,50lbs,"2x12,12*",,
2025-12-16,Arms,ez bar curls,ez-bar-curls,62lbs,"10,2x8",,
2025-12-16,Back,sa decline lat row machine,,"97.5,2x95",3x8*,,
2025-12-16,Chest,bench,,"3x165,2x135","4*,2,1,2x10",,
2025-12-16,Back,t bar row,,60lbs,3x10,,
2025-12-16,Chest,inclined machine chest press,,140lbs,"10,8,6",,
2025-12-17,Legs,sl front squat,,130lbs,3x8,,
2025-12-17,Legs,zercher squats,zercher-squats,155lbs,3x10,,
2025-12-17,Legs,tb deadlift + tuck jumps,,225lbs,3x10,,
2025-12-17,Legs,lunges + plyo lunges,,90lbs,3x12,,
2025-12-17,Legs,lm curtsy lunge w/ knee drive,lm-curtsy-lunge-w-knee-drive,85lbs,3x10,,
2025-12-20,Back,wide grip pullups,,,"7,6,3",,
2025-12-20,Chest,legs up bench,,135lbs,"6,5,6",,
2025-12-20,Shoulders,db shoulder press,db-shoulder-press,2/40lbs,"9,8,7,8",,
2025-12-23,Back,shoulder width mag pulldown,,3x115,"2x12,8",,
2025-12-23,Chest,bench,,"4x165,2x135","3x5,0,2x10",,
2025-12-23,Chest,db flys,,2/35lbs,3x12,,
2025-12-24,Legs,sl front squat,,130lbs,"8,9,10",,
2025-12-24,Legs,zercher squats,zercher-squats,155lbs,3x12,,
2025-12-24,Legs,heels elevated back squat + tuck jumps,,135lbs,3x10,,
2025-12-24,Legs,belt squat,,2/45lbs,3x10,,
2025-12-30,Legs,bb rdl,,205lbs,2x10,,
2025-12-30,Legs,sl rdl,,75lbs,10,,
2026-01-07,Legs,bb rdl,,205lbs,"10,8",,
2026-01-07,Legs,sl rdl,,75lbs,10,,
2025-01-09,Back,wide grip pullups,,,"7,3x5,4",,
2025-01-09,Chest,bench,,"135,155,135","8,5,10",,
